3,25,36,6,44,77,c1
3,25,36,6,44,77,c2
3,25,36,6,44,77,c3
3,25,36,6,44,77,c4
4,24,36,6,46,78,c1
4,24,36,6,46,78,c2
4,24,36,6,46,78,c3
4,24,36,6,46,78,c4
3,24,35,6,45,80,c1
3,24,35,6,45,80,c2
3,24,35,6,45,80,c3
3,24,35,6,45,80,c4
0,24,35,5,41,75,c5
0,24,35,5,41,75,c2
0,24,35,5,41,75,c3
0,24,35,5,41,75,c6
0,24,35,4,40,78,c5
0,24,35,4,40,78,c2
0,24,35,4,40,78,c3
0,24,35,4,40,78,c6
10,25,36,5,38,65,c7
10,25,36,5,38,65,c8
3,25,36,5,40,67,c9
3,25,36,5,40,67,c4
4,24,36,6,42,66,c9
4,24,36,6,42,66,c4
5,24,35,6,44,67,c9
5,24,35,6,44,67,c4
17,23,34,8,48,72,c7
17,23,34,8,48,72,c8
3,26,32,6,46,68,c4
0,26,33,5,45,64,c6
0,26,33,4,43,62,c6
0,26,33,4,44,63,c6
0,26,33,5,42,61,c6
7,26,33,6,74,82,c10
7,26,33,6,74,82,c11
7,26,33,6,74,82,c4
7,26,33,6,74,82,c12
0,26,33,5,70,80,c10
0,26,33,5,70,80,c11
0,26,33,5,70,80,c12
0,26,33,5,71,78,c10
0,26,33,5,71,78,c11
0,26,33,5,71,78,c12
6,26,33,6,73,81,c10
6,26,33,6,73,81,c11
6,26,33,6,73,81,c12
6,25,32,7,75,83,c10
6,25,32,7,75,83,c11
6,25,32,7,75,83,c12
7,28,35,7,56,71,c12
7,28,35,7,56,71,c9
6,28,35,6,57,73,c12
6,28,35,6,57,73,c9
0,27,35,5,56,74,c12
0,27,35,5,56,74,c9
6,28,36,6,58,73,c12
6,28,36,6,58,73,c9
5,27,36,7,56,72,c12
5,27,36,7,56,72,c9
4,27,38,5,54,70,c13
4,27,38,5,54,70,c4
6,28,38,7,52,71,c13
6,28,38,7,52,71,c4
10,27,37,7,60,76,c7
10,27,37,7,60,76,c8
4,28,38,5,58,72,c13
4,28,38,5,58,72,c4
0,28,38,4,56,70,c13
0,28,38,4,56,70,c6
0,27,36,5,63,79,c5
0,27,36,5,63,79,c2
0,27,36,5,63,79,c3
3,26,35,7,63,82,c1
3,26,35,7,63,82,c2
3,26,35,7,63,82,c3
0,26,36,6,62,77,c5
0,26,36,6,62,77,c2
0,26,36,6,62,77,c3
0,25,35,6,56,74,c5
0,25,35,6,56,74,c2
0,25,35,6,56,74,c3
0,25,35,6,58,78,c5
0,25,35,6,58,78,c2
0,25,35,6,58,78,c3
3,28,36,6,51,76,c4
4,28,36,6,54,74,c4
4,27,36,7,52,71,c4
3,27,35,7,51,72,c4
6,26,35,6,57,78,c4
12,26,32,7,74,82,c14
12,26,32,7,74,82,c14
12,26,32,7,74,82,c8
12,26,32,7,74,82,c7
2,27,33,6,70,80,c10
2,27,33,6,70,80,c11
2,27,33,6,70,80,c4
2,27,33,6,70,80,c12
6,27,33,6,70,80,c10
6,27,33,6,70,80,c11
6,27,33,6,70,80,c12
6,26,32,7,70,82,c10
6,26,32,7,70,82,c11
6,26,32,7,70,82,c12
9,26,32,6,70,82,c14
9,26,32,6,70,82,c14
9,26,32,6,70,82,c7
0,24,31,5,75,83,c15
0,24,31,5,75,83,c16
8,24,30,7,78,87,c17
8,24,30,7,78,87,c18
10,23,30,8,80,90,c17
10,23,30,8,80,90,c18
28,23,29,8,86,95,c19
28,23,29,8,86,95,c20
52,22,27,8,90,98,c19
52,22,27,8,90,98,c20
6,28,38,7,51,71,c9
0,29,38,5,48,68,c9
6,28,38,7,52,73,c9
0,29,39,5,47,70,c9
6,28,38,6,52,74,c9
5,27,35,5,64,82,c13
5,27,35,5,64,82,c4
0,27,36,4,65,80,c13
0,27,36,4,65,80,c6
0,27,36,4,63,79,c13
0,27,36,4,63,79,c6
3,27,36,5,64,77,c13
3,27,36,5,64,77,c4
12,27,35,6,66,82,c7
12,27,35,6,66,82,c8
6,24,33,8,52,78,c1
6,24,33,8,52,78,c4
6,24,33,8,52,78,c3
7,24,33,7,48,74,c1
7,24,33,7,48,74,c3
10,24,33,8,53,82,c21
10,24,33,8,53,82,c22
18,23,33,7,53,78,c21
18,23,33,7,53,78,c8
18,23,33,7,53,78,c22
15,23,33,7,52,75,c21
15,23,33,7,52,75,c8
15,23,33,7,52,75,c22
4,28,37,6,56,71,c4
4,28,37,6,54,70,c4
5,27,37,5,52,70,c4
4,27,36,6,53,70,c4
5,27,36,5,55,70,c4
4,25,34,6,57,74,c1
4,25,34,6,57,74,c2
4,25,34,6,57,74,c3
3,24,34,7,61,78,c1
3,24,34,7,61,78,c2
3,24,34,7,61,78,c3
3,24,33,6,60,77,c1
3,24,33,6,60,77,c2
3,24,33,6,60,77,c3
0,25,34,5,58,77,c5
0,25,34,5,58,77,c2
0,25,34,5,58,77,c3
0,24,34,4,57,75,c5
0,24,34,4,57,75,c2
0,24,34,4,57,75,c3
14,25,31,8,80,89,c23
14,25,31,8,80,89,c7
18,25,30,8,82,90,c23
18,25,30,8,82,90,c7
27,24,29,8,85,93,c24
27,24,29,8,85,93,c25
34,23,28,8,90,96,c24
34,23,28,8,90,96,c25
19,24,29,8,87,93,c23
19,24,29,8,87,93,c7
3,27,38,6,53,67,c12
3,27,38,6,54,69,c12
5,26,37,7,55,72,c12
5,26,37,7,56,75,c12
7,26,37,8,56,75,c12
6,28,38,7,54,67,c9
6,28,38,7,54,67,c4
5,28,37,6,55,72,c9
5,28,37,6,55,72,c4
2,27,37,7,55,74,c9
2,27,37,7,55,74,c4
12,27,37,7,60,74,c7
12,27,37,7,60,74,c8
15,27,37,8,62,76,c7
15,27,37,8,62,76,c8
13,24,27,8,90,95,c17
13,24,27,8,90,95,c17
13,24,27,8,90,95,c18
7,24,27,8,88,93,c15
7,24,27,8,88,93,c26
7,24,27,8,88,93,c27
4,23,27,8,85,90,c15
4,23,27,8,85,90,c26
4,23,27,8,85,90,c27
4,23,27,8,86,90,c15
4,23,27,8,86,90,c26
4,23,27,8,86,90,c27
6,23,26,8,87,91,c15
6,23,26,8,87,91,c26
6,23,26,8,87,91,c27
5,26,36,7,60,71,c4
6,26,36,6,63,74,c4
5,25,35,7,61,74,c4
7,25,34,6,62,71,c4
5,25,35,7,63,73,c4
2,26,34,6,65,79,c13
2,26,34,6,65,79,c3
14,26,33,7,66,80,c7
14,26,33,7,66,80,c22
4,26,34,6,63,79,c13
4,26,34,6,63,79,c4
4,26,34,6,63,79,c3
15,26,33,7,64,82,c7
15,26,33,7,64,82,c22
15,25,33,8,67,83,c7
15,25,33,8,67,83,c8
15,25,33,8,67,83,c22
6,27,38,5,57,72,c12
7,27,38,6,56,71,c12
5,27,37,5,55,74,c12
3,26,37,5,56,71,c12
9,26,37,7,56,71,c7
14,24,30,8,81,91,c7
14,24,30,8,81,91,c7
18,24,30,8,83,92,c7
18,24,30,8,83,92,c7
5,24,30,6,80,90,c9
5,24,30,6,80,90,c12
0,23,30,5,80,89,c9
0,23,30,5,80,89,c12
0,23,31,5,80,87,c9
0,23,31,5,80,87,c12
0,22,28,5,50,75,c28
0,22,28,5,50,75,c28
0,22,28,5,50,75,c29
0,22,28,5,50,75,c29
0,22,28,5,47,70,c28
0,22,28,5,47,70,c28
0,22,28,5,47,70,c29
0,22,28,5,47,70,c29
0,23,28,5,48,71,c28
0,23,28,5,48,71,c28
0,23,28,5,48,71,c29
0,23,28,5,48,71,c29
0,21,28,6,45,69,c28
0,21,28,6,45,69,c28
0,21,28,6,45,69,c29
0,21,28,6,45,69,c29
0,21,27,5,45,71,c28
0,21,27,5,45,71,c28
0,21,27,5,45,71,c29
0,21,27,5,45,71,c29
18,26,36,7,60,82,c7
18,26,36,7,60,82,c8
12,26,35,7,62,83,c7
12,26,35,7,62,83,c8
14,25,34,8,64,83,c7
14,25,34,8,64,83,c8
16,25,34,7,68,84,c7
16,25,34,7,68,84,c8
28,24,33,8,75,85,c25
28,24,33,8,75,85,c30
20,26,34,8,63,85,c21
20,26,34,8,63,85,c8
20,26,34,8,63,85,c22
15,26,34,8,64,83,c21
15,26,34,8,64,83,c8
15,26,34,8,64,83,c22
45,25,33,8,70,90,c21
45,25,33,8,70,90,c30
45,25,33,8,70,90,c31
10,25,34,7,61,85,c21
10,25,34,7,61,85,c8
10,25,34,7,61,85,c22
15,26,34,7,65,86,c21
15,26,34,7,65,86,c8
15,26,34,7,65,86,c22
4,23,28,7,77,88,c15
4,23,28,7,77,88,c26
4,23,28,7,77,88,c32
4,23,28,6,75,88,c15
4,23,28,6,75,88,c26
4,23,28,6,75,88,c32
3,24,28,6,75,84,c15
3,24,28,6,75,84,c26
3,24,28,6,75,84,c32
0,24,28,7,70,80,c15
0,24,28,7,70,80,c26
0,24,28,7,70,80,c32
0,24,29,7,66,77,c15
0,24,29,7,66,77,c26
0,24,29,7,66,77,c32
6,26,37,7,58,75,c4
5,26,37,6,56,71,c4
5,26,36,6,54,72,c4
6,25,36,5,55,71,c4
7,25,35,6,55,70,c4
7,27,36,7,58,84,c9
7,27,36,7,58,84,c4
18,27,35,7,62,86,c7
18,27,35,7,62,86,c8
15,27,34,7,59,85,c7
15,27,34,7,59,85,c8
31,26,34,8,65,88,c25
31,26,34,8,65,88,c30
21,26,34,9,63,87,c7
21,26,34,9,63,87,c8
19,25,34,6,60,86,c21
19,25,34,6,60,86,c7
19,25,34,6,60,86,c8
15,25,35,7,56,82,c21
15,25,35,7,56,82,c7
15,25,35,7,56,82,c8
13,24,34,7,54,80,c21
13,24,34,7,54,80,c7
13,24,34,7,54,80,c8
12,24,35,6,53,79,c21
12,24,35,6,53,79,c7
12,24,35,6,53,79,c8
0,24,35,5,48,76,c5
0,24,35,5,48,76,c12
0,24,35,5,48,76,c6
0,25,31,4,72,83,c28
0,25,31,4,72,83,c12
0,24,30,4,71,81,c28
0,24,30,4,71,81,c12
0,24,30,3,73,82,c28
0,24,30,3,73,82,c12
0,24,29,4,70,81,c28
0,24,29,4,70,81,c12
0,23,29,4,68,78,c28
0,23,29,4,68,78,c12
3,25,36,5,56,72,c12
4,24,36,6,57,71,c12
3,24,36,7,57,71,c12
4,23,35,5,56,73,c12
0,23,35,6,54,71,c12
18,23,33,8,68,83,c21
18,23,33,8,68,83,c8
18,23,33,8,68,83,c22
22,23,32,8,66,85,c21
22,23,32,8,66,85,c8
22,23,32,8,66,85,c22
11,23,32,8,67,78,c21
11,23,32,8,67,78,c8
11,23,32,8,67,78,c22
10,22,31,8,65,77,c21
10,22,31,8,65,77,c8
10,22,31,8,65,77,c22
8,22,31,7,64,76,c21
8,22,31,7,64,76,c8
8,22,31,7,64,76,c22
5,27,37,6,39,65,c4
5,27,37,6,38,65,c4
0,26,37,5,37,63,c6
5,26,37,7,38,64,c4
8,26,36,6,42,66,c8
5,24,35,7,75,85,c1
5,24,35,7,75,85,c12
5,24,35,7,75,85,c4
7,24,35,7,75,85,c1
7,24,35,7,75,85,c12
7,24,35,7,75,85,c4
4,24,35,6,74,84,c1
4,24,35,6,74,84,c12
4,24,35,6,74,84,c4
6,24,35,7,76,85,c1
6,24,35,7,76,85,c12
6,24,35,7,76,85,c4
5,24,35,6,75,85,c1
5,24,35,6,75,85,c12
5,24,35,6,75,85,c4
0,29,39,4,41,56,c6
0,29,39,5,40,57,c6
0,28,39,5,43,56,c6
4,28,38,6,48,60,c4
3,28,38,6,49,62,c4
3,26,31,6,55,73,c12
0,26,31,5,54,74,c12
5,27,31,6,56,74,c12
3,26,30,7,57,73,c12
4,26,30,6,59,76,c12
0,24,30,5,72,80,c28
0,24,30,5,72,80,c12
0,24,30,6,73,80,c28
0,24,30,6,73,80,c12
12,24,30,6,73,82,c34
12,24,30,6,73,82,c7
90,22,28,8,85,95,c35
90,22,28,8,85,95,c25
14,22,28,8,85,96,c34
14,22,28,8,85,96,c7
4,24,34,7,65,78,c9
4,24,34,7,65,78,c4
4,24,33,8,62,81,c9
4,24,33,8,62,81,c4
4,23,33,8,62,79,c9
4,23,33,8,62,79,c4
9,23,32,8,68,85,c7
9,23,32,8,68,85,c8
8,23,33,7,62,81,c7
8,23,33,7,62,81,c8
5,24,30,7,78,83,c1
5,24,30,7,78,83,c4
5,24,30,7,78,83,c3
4,25,30,7,78,83,c1
4,25,30,7,78,83,c3
5,25,31,7,78,83,c1
5,25,31,7,78,83,c3
16,24,30,8,82,88,c21
16,24,30,8,82,88,c22
12,24,31,8,83,90,c21
12,24,31,8,83,90,c8
12,24,31,8,83,90,c22
0,27,35,4,52,68,c6
4,27,35,5,53,69,c4
5,26,34,7,57,70,c4
4,26,34,7,56,69,c4
5,26,33,6,57,69,c4
4,23,30,6,78,88,c9
4,23,30,6,78,88,c12
65,21,28,8,88,95,c25
65,21,28,8,88,95,c25
28,21,28,8,85,92,c25
28,21,28,8,85,92,c25
8,22,28,7,80,90,c7
8,22,28,7,80,90,c7
14,22,28,7,80,90,c7
14,22,28,7,80,90,c7
14,25,33,8,73,90,c21
14,25,33,8,73,90,c7
14,25,33,8,73,90,c7
14,25,33,8,73,90,c8
14,25,33,8,73,90,c7
12,25,33,7,70,88,c21
12,25,33,7,70,88,c7
12,25,33,7,70,88,c7
12,25,33,7,70,88,c8
12,25,33,7,70,88,c7
3,26,34,6,65,85,c1
3,26,34,6,65,85,c12
3,26,34,6,65,85,c9
3,26,34,6,65,85,c4
3,26,34,6,65,85,c12
4,26,34,6,66,85,c1
4,26,34,6,66,85,c12
4,26,34,6,66,85,c9
4,26,34,6,66,85,c12
3,26,34,6,63,82,c1
3,26,34,6,63,82,c12
3,26,34,6,63,82,c9
3,26,34,6,63,82,c12
2,26,37,5,42,70,c9
2,26,37,5,42,70,c4
4,26,37,6,41,72,c9
4,26,37,6,41,72,c4
6,25,36,6,44,72,c9
6,25,36,6,44,72,c4
17,25,36,7,54,74,c7
17,25,36,7,54,74,c8
12,24,35,7,53,79,c7
12,24,35,7,53,79,c8
5,27,36,7,59,73,c12
4,27,36,6,58,74,c12
0,27,37,6,56,72,c12
4,27,36,7,55,72,c12
6,27,36,8,60,76,c12
14,25,30,8,66,87,c7
14,25,30,8,66,87,c8
12,25,30,8,68,87,c7
12,25,30,8,68,87,c8
4,26,31,7,65,84,c9
4,26,31,7,65,84,c4
6,27,31,6,62,82,c9
6,27,31,6,62,82,c4
5,27,31,6,62,82,c9
5,27,31,6,62,82,c4
4,25,33,6,58,75,c1
4,25,33,6,58,75,c3
4,26,33,5,57,77,c1
4,26,33,5,57,77,c3
4,26,33,5,57,77,c1
4,26,33,5,57,77,c3
4,26,33,6,56,75,c1
4,26,33,6,56,75,c3
4,26,33,5,56,72,c1
4,26,33,5,56,72,c3
4,28,38,5,55,69,c36
4,28,39,6,59,70,c36
8,28,39,6,55,73,c36
5,29,39,5,55,68,c36
4,29,38,6,55,68,c36
12,25,32,6,85,95,c21
12,25,32,6,85,95,c37
12,25,32,6,85,95,c37
12,25,32,6,85,95,c8
12,25,32,6,85,95,c7
14,25,31,6,85,95,c21
14,25,31,6,85,95,c37
14,25,31,6,85,95,c37
14,25,31,6,85,95,c8
14,25,31,6,85,95,c7
18,24,30,8,87,96,c21
18,24,30,8,87,96,c37
18,24,30,8,87,96,c37
18,24,30,8,87,96,c8
18,24,30,8,87,96,c7
10,24,30,7,85,94,c21
10,24,30,7,85,94,c37
10,24,30,7,85,94,c37
10,24,30,7,85,94,c8
10,24,30,7,85,94,c7
16,23,29,8,88,95,c21
16,23,29,8,88,95,c37
16,23,29,8,88,95,c37
16,23,29,8,88,95,c8
16,23,29,8,88,95,c7
4,26,36,7,58,71,c12
4,26,36,7,58,71,c9
6,26,36,8,58,70,c12
6,26,36,8,58,70,c9
5,27,37,7,55,69,c12
5,27,37,7,55,69,c9
4,27,36,7,52,67,c12
4,27,36,7,52,67,c9
6,27,36,7,51,71,c12
6,27,36,7,51,71,c9
3,24,29,6,85,95,c28
3,24,29,6,85,95,c27
0,24,30,6,84,93,c28
0,24,30,6,84,93,c27
10,24,29,8,86,94,c34
10,24,29,8,86,94,c18
12,23,29,8,87,95,c34
12,23,29,8,87,95,c18
4,23,29,8,84,95,c28
4,23,29,8,84,95,c27
4,27,34,6,57,74,c13
4,27,34,6,57,74,c4
11,27,33,8,60,78,c7
11,27,33,8,60,78,c8
3,27,34,7,55,75,c13
3,27,34,7,55,75,c4
5,27,34,7,54,75,c13
5,27,34,7,54,75,c4
0,27,34,4,52,72,c13
0,27,34,4,52,72,c6
12,25,34,7,65,78,c21
12,25,34,7,65,78,c8
12,25,34,7,65,78,c22
4,25,34,5,60,75,c1
4,25,34,5,60,75,c4
4,25,34,5,60,75,c3
7,26,35,6,58,75,c1
7,26,35,6,58,75,c3
4,26,35,5,57,72,c1
4,26,35,5,57,72,c3
7,27,36,6,56,73,c1
7,27,36,6,56,73,c3
15,24,37,7,55,72,c21
15,24,37,7,55,72,c7
15,24,37,7,55,72,c8
12,24,36,6,54,70,c21
12,24,36,6,54,70,c7
12,24,36,6,54,70,c8
10,24,36,7,48,70,c21
10,24,36,7,48,70,c7
10,24,36,7,48,70,c8
0,25,37,7,49,66,c5
0,25,37,7,49,66,c12
0,25,37,7,49,66,c6
0,25,37,5,46,65,c5
0,25,37,5,46,65,c12
0,25,37,5,46,65,c6
4,29,39,5,45,64,c36
3,29,39,6,46,62,c36
4,29,39,6,45,60,c36
5,28,38,5,44,61,c36
6,28,38,6,43,62,c36
28,22,29,8,86,96,c38
28,22,29,8,86,96,c38
28,22,29,8,86,96,c30
28,22,29,8,86,96,c25
24,22,29,8,86,96,c37
24,22,29,8,86,96,c37
24,22,29,8,86,96,c8
24,22,29,8,86,96,c7
22,22,29,8,84,96,c37
22,22,29,8,84,96,c37
22,22,29,8,84,96,c8
22,22,29,8,84,96,c7
16,22,29,7,84,94,c37
16,22,29,7,84,94,c37
16,22,29,7,84,94,c8
16,22,29,7,84,94,c7
6,22,29,6,80,92,c39
6,22,29,6,80,92,c40
6,22,29,6,80,92,c4
6,22,29,6,80,92,c12
0,27,34,5,52,68,c12
0,27,34,5,52,68,c9
7,27,33,6,56,70,c12
7,27,33,6,56,70,c9
8,27,33,7,60,75,c7
8,27,33,7,60,75,c7
7,27,33,7,64,78,c12
7,27,33,7,64,78,c9
7,27,33,6,66,79,c12
7,27,33,6,66,79,c9
4,26,36,7,55,74,c13
4,26,36,7,55,74,c4
5,26,36,7,56,75,c13
5,26,36,7,56,75,c4
5,27,36,6,56,75,c13
5,27,36,6,56,75,c4
6,27,35,7,57,77,c13
6,27,35,7,57,77,c4
5,27,35,6,58,76,c13
5,27,35,6,58,76,c4
10,26,36,7,60,80,c21
10,26,36,7,60,80,c8
10,26,36,7,60,80,c22
4,26,36,6,60,80,c1
4,26,36,6,60,80,c4
4,26,36,6,60,80,c3
6,26,36,6,60,80,c1
6,26,36,6,60,80,c3
11,25,35,7,64,82,c21
11,25,35,7,64,82,c22
12,25,35,7,65,82,c21
12,25,35,7,65,82,c8
12,25,35,7,65,82,c22
4,26,35,6,57,72,c4
0,26,36,6,56,74,c6
5,26,35,7,55,74,c4
4,25,35,6,54,73,c4
5,25,35,7,53,73,c4
8,24,31,6,74,82,c14
8,24,31,6,74,82,c14
8,24,31,6,74,82,c8
8,24,31,6,74,82,c7
0,25,32,5,72,80,c10
0,25,32,5,72,80,c11
0,25,32,5,72,80,c6
0,25,32,5,72,80,c12
4,25,31,6,75,83,c10
4,25,31,6,75,83,c11
4,25,31,6,75,83,c6
4,25,31,6,75,83,c12
8,24,31,7,77,85,c14
8,24,31,7,77,85,c14
8,24,31,7,77,85,c6
8,24,31,7,77,85,c7
8,24,30,7,82,88,c14
8,24,30,7,82,88,c14
8,24,30,7,82,88,c6
8,24,30,7,82,88,c7
10,26,35,7,56,71,c7
10,26,35,7,56,71,c7
11,26,35,6,58,73,c7
11,26,35,6,58,73,c7
10,27,35,7,57,74,c7
10,27,35,7,57,74,c7
12,27,36,8,58,73,c7
12,27,36,8,58,73,c7
11,27,36,7,56,72,c7
11,27,36,7,56,72,c7
4,26,35,6,60,77,c13
4,26,35,6,60,77,c4
6,26,35,6,62,78,c13
6,26,35,6,62,78,c4
22,27,34,8,66,86,c7
22,27,34,8,66,86,c8
4,27,35,5,64,80,c13
4,27,35,5,64,80,c4
0,27,35,4,62,78,c13
0,27,35,4,62,78,c6
0,22,30,2,70,80,c28
0,22,30,2,70,80,c12
0,22,30,3,69,78,c28
0,22,30,3,69,78,c12
0,21,29,3,65,76,c28
0,21,29,3,65,76,c12
0,21,29,4,56,75,c28
0,21,29,4,56,75,c12
0,20,28,4,63,74,c28
0,20,28,4,63,74,c12
0,27,35,5,70,80,c5
0,27,35,5,70,80,c2
0,27,35,5,70,80,c3
3,27,34,7,73,85,c1
3,27,34,7,73,85,c2
3,27,34,7,73,85,c3
0,26,35,5,72,80,c5
0,26,35,5,72,80,c2
0,26,35,5,72,80,c3
0,26,35,5,71,78,c5
0,26,35,5,71,78,c2
0,26,35,5,71,78,c3
3,26,34,6,74,84,c1
3,26,34,6,74,84,c2
3,26,34,6,74,84,c3
3,27,36,6,54,76,c4
0,26,36,4,55,73,c6
0,26,36,4,52,71,c6
7,26,35,7,58,76,c4
5,25,35,7,53,71,c4
14,24,33,7,85,92,c14
14,24,33,7,85,92,c14
14,24,33,7,85,92,c8
14,24,33,7,85,92,c7
3,25,33,6,80,90,c10
3,25,33,6,80,90,c11
3,25,33,6,80,90,c4
3,25,33,6,80,90,c12
6,25,33,7,80,90,c10
6,25,33,7,80,90,c11
6,25,33,7,80,90,c12
7,25,33,7,80,90,c10
7,25,33,7,80,90,c11
7,25,33,7,80,90,c12
14,25,32,8,83,94,c14
14,25,32,8,83,94,c14
14,25,32,8,83,94,c7
0,23,30,5,70,90,c15
0,23,30,5,70,90,c27
14,22,29,8,75,92,c17
14,22,29,8,75,92,c18
11,22,29,8,80,94,c17
11,22,29,8,80,94,c18
34,21,27,8,86,96,c19
34,21,27,8,86,96,c20
54,20,26,8,90,97,c19
54,20,26,8,90,97,c20
5,27,37,6,51,70,c9
5,27,37,6,51,70,c4
6,27,37,7,51,70,c9
6,27,37,7,51,70,c4
7,27,37,7,52,71,c9
7,27,37,7,52,71,c4
0,27,38,6,52,71,c9
0,27,38,6,52,71,c6
0,27,38,5,50,68,c9
0,27,38,5,50,68,c6
7,22,34,6,64,82,c13
7,22,34,6,64,82,c4
3,22,34,5,65,80,c13
3,22,34,5,65,80,c4
0,22,35,4,64,79,c13
0,22,35,4,64,79,c6
3,22,34,5,68,81,c13
3,22,34,5,68,81,c4
3,22,34,6,64,80,c13
3,22,34,6,64,80,c4
5,28,37,6,57,72,c4
6,28,37,7,55,70,c4
5,27,36,6,53,70,c4
5,27,36,5,54,71,c4
4,27,36,6,55,70,c4
0,26,35,5,62,76,c5
0,26,35,5,62,76,c2
0,26,35,5,62,76,c3
0,26,35,5,62,76,c6
3,26,34,5,67,81,c1
3,26,34,5,67,81,c2
3,26,34,5,67,81,c3
3,26,34,5,67,81,c4
3,26,34,6,68,80,c1
3,26,34,6,68,80,c2
3,26,34,6,68,80,c3
3,26,34,6,68,80,c4
0,25,34,5,64,78,c5
0,25,34,5,64,78,c2
0,25,34,5,64,78,c3
0,25,34,5,64,78,c6
0,25,34,3,63,76,c5
0,25,34,3,63,76,c2
0,25,34,3,63,76,c3
0,25,34,3,63,76,c6
8,25,33,6,72,84,c23
8,25,33,6,72,84,c7
10,25,33,7,76,87,c23
10,25,33,7,76,87,c7
17,24,32,7,80,90,c23
17,24,32,7,80,90,c7
18,24,31,8,83,92,c23
18,24,31,8,83,92,c7
10,25,31,7,80,87,c23
10,25,31,7,80,87,c7
3,27,38,7,40,60,c12
9,27,38,5,39,62,c7
7,26,37,7,36,60,c12
0,26,36,6,32,58,c12
0,26,37,5,30,56,c12
0,29,38,5,52,62,c12
0,29,38,5,53,62,c12
4,28,39,6,55,65,c12
6,27,38,7,58,69,c12
5,27,38,7,59,71,c12
0,29,38,5,44,67,c9
0,29,38,5,44,67,c6
2,28,38,6,47,72,c9
2,28,38,6,47,72,c4
9,28,38,7,50,74,c7
9,28,38,7,50,74,c8
3,27,37,6,52,74,c9
3,27,37,6,52,74,c4
2,27,37,6,52,70,c9
2,27,37,6,52,70,c4
7,22,27,7,75,85,c41
7,22,27,7,75,85,c9
12,21,26,8,79,88,c42
12,21,26,8,79,88,c7
15,21,26,8,83,92,c42
15,21,26,8,83,92,c7
16,20,25,8,85,94,c42
16,20,25,8,85,94,c7
8,21,26,7,82,92,c42
8,21,26,7,82,92,c7
7,27,35,6,55,76,c13
7,27,35,6,55,76,c3
10,26,34,7,58,78,c7
10,26,34,7,58,78,c22
12,26,35,5,56,76,c7
12,26,35,5,56,76,c8
12,26,35,5,56,76,c22
5,26,35,5,56,76,c13
5,26,35,5,56,76,c4
5,26,35,5,56,76,c3
7,25,34,6,58,80,c13
7,25,34,6,58,80,c3
7,24,28,7,80,90,c15
7,24,28,7,80,90,c26
7,24,28,7,80,90,c16
3,24,28,7,81,90,c15
3,24,28,7,81,90,c26
3,24,28,7,81,90,c16
3,23,27,7,80,87,c15
3,23,27,7,80,87,c26
3,23,27,7,80,87,c16
0,23,27,6,78,83,c15
0,23,27,6,78,83,c26
0,23,27,6,78,83,c16
0,24,28,6,78,82,c15
0,24,28,6,78,82,c26
0,24,28,6,78,82,c16
5,27,35,7,65,82,c4
5,28,36,5,64,80,c4
6,28,36,6,66,81,c4
6,28,35,7,65,82,c4
5,28,35,6,64,81,c4
4,29,38,6,56,73,c12
4,29,38,5,56,74,c12
3,28,37,6,54,71,c12
6,27,37,6,56,71,c12
8,27,37,6,56,72,c7
8,25,31,7,75,85,c7
8,25,31,7,75,85,c7
12,24,30,8,77,86,c7
12,24,30,8,77,86,c7
0,25,30,6,74,84,c9
0,25,30,6,74,84,c12
0,24,31,5,72,82,c9
0,24,31,5,72,82,c12
0,23,31,5,70,81,c9
0,23,31,5,70,81,c12
4,26,35,5,55,72,c9
4,26,35,5,55,72,c4
3,26,35,6,57,73,c9
3,26,35,6,57,73,c4
6,25,35,6,57,74,c9
6,25,35,6,57,74,c4
4,25,34,5,59,75,c9
4,25,34,5,59,75,c4
10,25,34,6,60,75,c7
10,25,34,6,60,75,c8
20,26,34,6,60,72,c21
20,26,34,6,60,72,c8
20,26,34,6,60,72,c22
4,26,34,7,58,72,c1
4,26,34,7,58,72,c4
4,26,34,7,58,72,c3
15,25,34,7,62,80,c21
15,25,34,7,62,80,c22
11,25,33,6,64,73,c21
11,25,33,6,64,73,c8
11,25,33,6,64,73,c22
6,25,33,6,58,71,c1
6,25,33,6,58,71,c4
6,25,33,6,58,71,c3
0,23,28,7,65,76,c15
0,23,28,7,65,76,c26
0,23,28,7,65,76,c29
0,23,29,6,62,73,c15
0,23,29,6,62,73,c26
0,23,29,6,62,73,c29
0,24,29,6,60,71,c15
0,24,29,6,60,71,c26
0,24,29,6,60,71,c29
0,24,29,7,63,72,c15
0,24,29,7,63,72,c26
0,24,29,7,63,72,c29
0,23,29,6,62,71,c15
0,23,29,6,62,71,c26
0,23,29,6,62,71,c29
6,22,28,7,84,88,c1
6,22,28,7,84,88,c13
0,23,27,5,80,85,c5
0,23,27,5,80,85,c13
0,22,27,4,80,86,c5
0,22,27,4,80,86,c13
0,21,27,3,78,85,c5
0,21,27,3,78,85,c13
0,22,27,3,77,86,c5
0,22,27,3,77,86,c13
5,28,36,7,60,75,c4
0,27,35,6,55,71,c6
0,27,34,5,54,66,c6
0,26,34,5,54,69,c6
6,26,34,6,55,70,c6
19,26,35,7,60,80,c21
19,26,35,7,60,80,c7
19,26,35,7,60,80,c8
7,26,35,6,56,75,c1
7,26,35,6,56,75,c12
7,26,35,6,56,75,c4
5,26,34,7,53,73,c1
5,26,34,7,53,73,c12
5,26,34,7,53,73,c4
4,26,35,6,51,72,c1
4,26,35,6,51,72,c12
4,26,35,6,51,72,c4
0,27,36,5,47,68,c5
0,27,36,5,47,68,c12
0,27,36,5,47,68,c6
0,25,30,4,70,83,c28
0,25,30,4,70,83,c12
0,24,30,5,68,81,c28
0,24,30,5,68,81,c12
0,23,29,4,67,82,c28
0,23,29,4,67,82,c12
0,23,29,5,66,81,c28
0,23,29,5,66,81,c12
0,22,28,4,67,79,c28
0,22,28,4,67,79,c12
4,28,36,5,55,73,c12
3,27,36,6,56,72,c12
3,26,35,6,57,71,c12
3,26,35,5,58,73,c12
0,26,35,4,54,71,c12
0,22,29,4,81,87,c5
0,22,29,4,81,87,c13
0,21,29,3,80,87,c5
0,21,29,3,80,87,c13
0,21,30,4,80,85,c5
0,21,30,4,80,85,c13
0,21,29,5,82,86,c5
0,21,29,5,82,86,c13
0,22,29,5,80,85,c5
0,22,29,5,80,85,c13
4,25,33,7,66,82,c1
4,25,33,7,66,82,c4
4,25,33,7,66,82,c3
0,25,34,8,68,81,c5
0,25,34,8,68,81,c3
3,25,33,7,65,80,c1
3,25,33,7,65,80,c3
3,25,32,8,64,82,c1
3,25,32,8,64,82,c3
11,24,32,7,68,84,c21
11,24,32,7,68,84,c22
5,26,36,6,72,83,c1
5,26,36,6,72,83,c12
5,26,36,6,72,83,c4
5,25,35,7,72,85,c1
5,25,35,7,72,85,c12
5,25,35,7,72,85,c4
3,25,35,6,71,82,c1
3,25,35,6,71,82,c12
3,25,35,6,71,82,c4
0,26,35,5,70,80,c5
0,26,35,5,70,80,c12
0,26,35,5,70,80,c6
0,26,36,5,68,80,c5
0,26,36,5,68,80,c12
0,26,36,5,68,80,c6
14,23,34,8,57,82,c21
14,23,34,8,57,82,c8
14,23,34,8,57,82,c22
13,24,34,8,54,80,c21
13,24,34,8,54,80,c8
13,24,34,8,54,80,c22
4,23,34,8,56,78,c1
4,23,34,8,56,78,c4
4,23,34,8,56,78,c3
3,23,33,8,60,78,c1
3,23,33,8,60,78,c3
8,23,33,7,57,80,c21
8,23,33,7,57,80,c22
0,24,30,6,68,80,c26
0,24,30,6,68,80,c29
0,23,30,6,67,77,c26
0,23,30,6,67,77,c29
10,22,29,7,72,80,c17
10,22,29,7,72,80,c43
9,23,29,6,68,80,c17
9,23,29,6,68,80,c43
4,23,29,6,65,79,c26
4,23,29,6,65,79,c29
2,28,36,6,56,68,c4
0,28,36,4,55,65,c6
0,28,35,4,53,63,c6
0,27,34,6,51,62,c6
0,27,34,5,52,63,c6
0,26,31,4,55,73,c12
0,27,31,4,54,74,c12
4,26,30,6,55,74,c12
4,25,30,6,56,72,c12
4,25,30,6,57,73,c12
0,24,30,4,72,80,c28
0,24,30,4,72,80,c12
0,23,30,6,72,80,c28
0,23,30,6,72,80,c12
0,23,30,6,73,82,c28
0,23,30,6,73,82,c12
60,22,29,8,84,90,c35
60,22,29,8,84,90,c25
10,22,28,8,84,89,c34
10,22,28,8,84,89,c7
4,22,29,6,78,91,c1
4,22,29,6,78,91,c13
0,22,29,3,77,87,c5
0,22,29,3,77,87,c13
0,23,30,3,73,85,c5
0,23,30,3,73,85,c13
0,23,29,3,70,86,c5
0,23,29,3,70,86,c13
0,23,29,2,65,84,c5
0,23,29,2,65,84,c13
4,26,33,6,65,78,c9
4,26,33,6,65,78,c4
4,25,33,6,64,78,c9
4,25,33,6,64,78,c4
4,25,33,5,61,75,c9
4,25,33,5,61,75,c4
4,25,33,6,64,77,c9
4,25,33,6,64,77,c4
3,27,34,5,62,74,c9
3,27,34,5,62,74,c4
10,26,31,7,70,79,c21
10,26,31,7,70,79,c8
10,26,31,7,70,79,c22
3,26,31,6,70,79,c1
3,26,31,6,70,79,c4
3,26,31,6,70,79,c3
7,26,31,7,70,80,c1
7,26,31,7,70,80,c3
12,25,30,8,73,85,c21
12,25,30,8,73,85,c22
4,25,30,6,75,85,c1
4,25,30,6,75,85,c4
4,25,30,6,75,85,c3
4,24,30,5,80,89,c26
4,24,30,5,80,89,c29
0,24,29,4,74,87,c26
0,24,29,4,74,87,c29
0,23,28,5,71,83,c26
0,23,28,5,71,83,c29
0,21,27,4,68,83,c26
0,21,27,4,68,83,c29
0,21,27,4,64,82,c26
0,21,27,4,64,82,c29
0,28,35,4,52,67,c6
0,28,35,5,53,69,c6
0,28,35,4,58,70,c6
0,27,35,4,56,68,c6
0,27,34,4,57,69,c6
20,22,31,8,65,93,c14
20,22,31,8,65,93,c14
20,22,31,8,65,93,c8
20,22,31,8,65,93,c7
10,22,31,8,64,93,c14
10,22,31,8,64,93,c14
10,22,31,8,64,93,c8
10,22,31,8,64,93,c7
15,22,30,8,65,93,c14
15,22,30,8,65,93,c14
15,22,30,8,65,93,c8
15,22,30,8,65,93,c7
5,22,30,6,62,90,c10
5,22,30,6,62,90,c11
5,22,30,6,62,90,c4
5,22,30,6,62,90,c12
4,23,31,6,60,88,c10
4,23,31,6,60,88,c11
4,23,31,6,60,88,c12
7,24,37,7,70,81,c1
7,24,37,7,70,81,c12
7,24,37,7,70,81,c4
4,23,38,6,65,77,c1
4,23,38,6,65,77,c12
4,23,38,6,65,77,c4
3,22,38,6,68,80,c1
3,22,38,6,68,80,c12
3,22,38,6,68,80,c4
0,22,39,5,70,80,c5
0,22,39,5,70,80,c12
0,22,39,5,70,80,c6
0,22,39,6,68,77,c5
0,22,39,6,68,77,c12
0,22,39,6,68,77,c6
5,25,30,6,75,82,c9
5,25,30,6,75,82,c12
70,23,28,8,80,88,c25
70,23,28,8,80,88,c25
12,23,28,7,80,86,c7
12,23,28,7,80,86,c7
10,24,29,7,80,86,c7
10,24,29,7,80,86,c7
18,24,29,7,78,86,c7
18,24,29,7,78,86,c7
12,26,36,6,65,80,c21
12,26,36,6,65,80,c7
12,26,36,6,65,80,c8
12,26,36,6,65,80,c7
10,26,36,6,65,78,c21
10,26,36,6,65,78,c7
10,26,36,6,65,78,c8
10,26,36,6,65,78,c7
2,26,36,4,65,78,c1
2,26,36,4,65,78,c12
2,26,36,4,65,78,c4
2,26,36,4,65,78,c12
3,27,37,5,63,76,c1
3,27,37,5,63,76,c12
3,27,37,5,63,76,c12
3,27,36,5,63,76,c1
3,27,36,5,63,76,c12
3,27,36,5,63,76,c12
4,26,35,7,58,72,c12
0,27,36,6,56,71,c12
0,27,36,5,56,72,c12
5,26,35,6,57,73,c12
7,26,35,7,58,75,c12
6,26,31,8,65,77,c9
6,26,31,8,65,77,c4
5,26,31,7,59,76,c9
5,26,31,7,59,76,c4
0,27,32,6,57,74,c9
0,27,32,6,57,74,c6
0,27,32,6,58,75,c9
0,27,32,6,58,75,c6
0,27,32,5,58,73,c9
0,27,32,5,58,73,c6
0,22,30,3,71,84,c5
0,22,30,3,71,84,c13
3,21,29,5,77,89,c1
3,21,29,5,77,89,c13
3,20,29,6,80,90,c1
3,20,29,6,80,90,c13
0,22,29,5,76,86,c5
0,22,29,5,76,86,c13
0,22,30,4,75,83,c5
0,22,30,4,75,83,c13
12,26,33,7,61,75,c21
12,26,33,7,61,75,c22
4,26,33,5,57,74,c1
4,26,33,5,57,74,c4
4,26,33,5,57,74,c3
4,26,33,6,57,74,c1
4,26,33,6,57,74,c3
4,27,32,5,58,72,c1
4,27,32,5,58,72,c3
0,27,33,6,57,70,c5
0,27,33,6,57,70,c3
0,22,29,3,75,83,c44
0,22,29,3,75,83,c16
0,22,29,3,75,83,c16
0,22,29,2,73,82,c44
0,22,29,2,73,82,c16
0,22,29,2,73,82,c16
0,22,28,3,70,81,c44
0,22,28,3,70,81,c16
0,22,28,3,70,81,c16
0,21,28,3,71,81,c44
0,21,28,3,71,81,c16
0,21,28,3,71,81,c16
3,21,27,6,74,85,c44
3,21,27,6,74,85,c16
3,21,27,6,74,85,c16
4,30,37,4,53,69,c36
4,30,37,4,53,69,c36
3,29,37,5,55,70,c36
3,29,37,5,55,70,c36
6,29,38,6,55,73,c36
6,29,38,6,55,73,c36
4,28,38,5,55,68,c36
4,28,38,5,55,68,c36
4,28,38,6,56,70,c36
4,28,38,6,56,70,c36
3,25,34,6,72,83,c1
3,25,34,6,72,83,c39
3,25,34,6,72,83,c4
10,25,34,6,73,85,c21
10,25,34,6,73,85,c37
10,25,34,6,73,85,c8
10,24,33,7,76,86,c21
10,24,33,7,76,86,c37
10,24,33,7,76,86,c8
8,23,33,7,76,88,c21
8,23,33,7,76,88,c37
8,23,33,7,76,88,c8
14,23,32,8,80,90,c21
14,23,32,8,80,90,c37
14,23,32,8,80,90,c8
3,28,36,7,57,71,c12
3,28,36,7,57,71,c9
0,28,37,6,55,69,c12
0,28,37,6,55,69,c9
0,28,37,5,55,69,c12
0,28,37,5,55,69,c9
0,29,37,6,52,67,c12
0,29,37,6,52,67,c9
0,28,37,6,51,65,c12
0,28,37,6,51,65,c9
10,28,36,6,35,54,c8
7,27,36,6,34,53,c4
9,27,35,7,36,55,c8
7,27,36,6,38,55,c4
6,26,36,5,37,56,c4
4,25,30,6,72,85,c28
4,25,30,6,72,85,c27
0,25,30,6,73,84,c28
0,25,30,6,73,84,c27
6,24,29,7,75,85,c28
6,24,29,7,75,85,c27
8,24,29,8,78,87,c34
8,24,29,8,78,87,c18
3,24,29,7,78,87,c28
3,24,29,7,78,87,c27
3,27,34,6,56,74,c13
3,27,34,6,56,74,c4
7,27,34,6,56,76,c13
7,27,34,6,56,76,c4
6,27,34,7,54,75,c13
6,27,34,7,54,75,c4
7,27,34,6,54,75,c13
7,27,34,6,54,75,c4
4,26,33,7,56,75,c13
4,26,33,7,56,75,c4
3,27,33,5,55,76,c1
3,27,33,5,55,76,c3
3,27,33,5,55,76,c4
2,27,34,4,55,75,c1
2,27,34,4,55,75,c3
2,27,34,4,55,75,c4
0,28,34,4,50,72,c5
0,28,34,4,50,72,c3
0,28,34,4,50,72,c6
0,28,35,4,50,70,c5
0,28,35,4,50,70,c3
0,28,35,4,50,70,c6
0,28,36,4,48,70,c5
0,28,36,4,48,70,c3
0,28,36,4,48,70,c6
0,22,29,5,69,86,c44
0,22,29,5,69,86,c16
0,22,29,5,69,86,c16
0,22,28,4,67,84,c44
0,22,28,4,67,84,c16
0,22,28,4,67,84,c16
0,21,28,3,68,82,c44
0,21,28,3,68,82,c16
0,21,28,3,68,82,c16
2,22,27,6,70,88,c44
2,22,27,6,70,88,c16
2,22,27,6,70,88,c16
1,23,27,6,69,84,c44
1,23,27,6,69,84,c16
1,23,27,6,69,84,c16
0,22,30,3,68,84,c5
0,22,30,3,68,84,c5
0,22,30,3,68,84,c13
2,21,30,4,70,85,c1
2,21,30,4,70,85,c1
2,21,30,4,70,85,c13
2,21,30,5,70,87,c1
2,21,30,5,70,87,c1
2,21,30,5,70,87,c13
0,22,30,2,70,84,c5
0,22,30,2,70,84,c5
0,22,30,2,70,84,c13
0,22,29,3,65,82,c5
0,22,29,3,65,82,c5
0,22,29,3,65,82,c13
0,30,38,6,43,67,c36
0,29,39,4,45,66,c36
3,29,39,4,46,66,c36
3,29,38,6,46,66,c36
4,29,38,6,47,65,c36
20,24,29,8,80,90,c37
20,24,29,8,80,90,c37
20,24,29,8,80,90,c8
20,24,29,8,80,90,c7
14,25,30,8,78,88,c37
14,25,30,8,78,88,c37
14,25,30,8,78,88,c8
14,25,30,8,78,88,c7
21,25,30,8,84,92,c37
21,25,30,8,84,92,c37
21,25,30,8,84,92,c8
21,25,30,8,84,92,c7
11,25,30,7,76,86,c37
11,25,30,7,76,86,c37
11,25,30,7,76,86,c8
11,25,30,7,76,86,c7
4,25,30,6,69,84,c39
4,25,30,6,69,84,c40
4,25,30,6,69,84,c4
4,25,30,6,69,84,c12
0,28,34,7,51,67,c12
0,28,34,7,51,67,c9
9,27,33,7,58,72,c7
9,27,33,7,58,72,c7
8,26,33,7,60,74,c7
8,26,33,7,60,74,c7
8,27,33,7,64,76,c7
8,27,33,7,64,76,c7
7,27,32,7,67,78,c12
7,27,32,7,67,78,c9
3,27,37,5,45,72,c13
3,27,37,5,45,72,c4
3,27,37,5,44,72,c13
3,27,37,5,44,72,c4
0,27,37,4,43,70,c13
0,27,37,4,43,70,c6
0,27,37,4,45,69,c13
0,27,37,4,45,69,c6
0,27,37,4,46,68,c13
0,27,37,4,46,68,c6
0,21,30,3,67,88,c5
0,21,30,3,67,88,c5
0,21,30,3,67,88,c45
0,22,30,3,66,90,c5
0,22,30,3,66,90,c5
0,22,30,3,66,90,c45
0,21,30,2,68,87,c5
0,21,30,2,68,87,c5
0,21,30,2,68,87,c45
0,22,29,2,70,92,c5
0,22,29,2,70,92,c5
0,22,29,2,70,92,c45
0,21,30,3,71,90,c5
0,21,30,3,71,90,c5
0,21,30,3,71,90,c45
0,25,33,8,50,67,c12
0,25,34,4,52,65,c12
5,26,33,5,53,67,c12
16,26,33,6,56,72,c7
8,25,33,6,54,74,c7
0,27,37,3,57,77,c5
0,27,37,3,57,77,c3
0,27,37,3,57,77,c6
0,27,37,4,61,81,c5
0,27,37,4,61,81,c3
0,27,37,4,61,81,c6
3,27,37,4,63,82,c1
3,27,37,4,63,82,c3
3,27,37,4,63,82,c4
6,26,36,6,64,82,c1
6,26,36,6,64,82,c3
6,26,36,6,64,82,c4
8,26,36,6,64,80,c21
8,26,36,6,64,80,c22
8,26,36,6,64,80,c8
0,21,30,5,75,84,c26
0,21,30,5,75,84,c46
0,21,30,5,75,84,c16
0,22,29,5,75,83,c26
0,22,29,5,75,83,c46
0,22,29,5,75,83,c16
0,21,29,3,75,82,c26
0,21,29,3,75,82,c46
0,21,29,3,75,82,c16
0,21,29,3,77,83,c26
0,21,29,3,77,83,c46
0,21,29,3,77,83,c16
0,21,30,3,75,83,c26
0,21,30,3,75,83,c46
0,21,30,3,75,83,c16
4,26,32,6,46,68,c4
0,26,33,5,44,64,c6
0,26,33,4,43,62,c6
3,25,32,6,44,65,c4
0,26,33,5,42,62,c6
6,26,33,6,74,82,c10
6,26,33,6,74,82,c11
6,26,33,6,74,82,c4
6,26,33,6,74,82,c12
0,26,33,5,70,80,c10
0,26,33,5,70,80,c11
0,26,33,5,70,80,c12
0,26,33,5,71,78,c10
0,26,33,5,71,78,c11
0,26,33,5,71,78,c12
6,26,33,6,73,81,c10
6,26,33,6,73,81,c11
6,26,33,6,73,81,c12
6,25,32,7,75,83,c10
6,25,32,7,75,83,c11
6,25,32,7,75,83,c12
6,28,35,7,56,71,c12
6,28,35,7,56,71,c9
7,28,35,6,57,73,c12
7,28,35,6,57,73,c9
0,27,35,6,56,74,c12
0,27,35,6,56,74,c9
7,27,35,6,58,73,c12
7,27,35,6,58,73,c9
6,27,36,7,56,74,c12
6,27,36,7,56,74,c9
4,27,38,5,54,70,c13
4,27,38,5,54,70,c4
7,28,38,7,52,71,c13
7,28,38,7,52,71,c4
4,27,37,6,56,72,c13
4,27,37,6,56,72,c4
8,27,37,5,58,75,c7
8,27,37,5,58,75,c8
0,28,38,4,56,70,c13
0,28,38,4,56,70,c6
0,27,36,5,63,79,c5
0,27,36,5,63,79,c2
0,27,36,5,63,79,c3
0,27,36,5,63,79,c6
0,26,35,7,63,82,c5
0,26,35,7,63,82,c2
0,26,35,7,63,82,c3
0,26,35,7,63,82,c6
0,26,36,6,62,77,c5
0,26,36,6,62,77,c2
0,26,36,6,62,77,c3
0,26,36,6,62,77,c6
0,25,35,6,56,74,c5
0,25,35,6,56,74,c2
0,25,35,6,56,74,c3
0,25,35,6,56,74,c6
0,25,35,6,58,78,c5
0,25,35,6,58,78,c2
0,25,35,6,58,78,c3
0,25,35,6,58,78,c6
0,22,29,4,72,84,c26
0,22,29,4,72,84,c46
0,22,29,4,72,84,c16
0,22,29,4,74,83,c26
0,22,29,4,74,83,c46
0,22,29,4,74,83,c16
0,22,29,3,75,83,c26
0,22,29,3,75,83,c46
0,22,29,3,75,83,c16
0,21,28,3,73,81,c26
0,21,28,3,73,81,c46
0,21,28,3,73,81,c16
0,21,28,3,72,82,c26
0,21,28,3,72,82,c46
0,21,28,3,72,82,c16
0,22,30,3,65,80,c5
0,22,30,3,65,80,c5
0,22,30,3,65,80,c45
0,22,30,3,67,82,c5
0,22,30,3,67,82,c5
0,22,30,3,67,82,c45
0,22,30,3,69,84,c5
0,22,30,3,69,84,c5
0,22,30,3,69,84,c45
0,22,30,3,74,86,c5
0,22,30,3,74,86,c5
0,22,30,3,74,86,c45
0,22,30,3,75,88,c5
0,22,30,3,75,88,c5
0,22,30,3,75,88,c45
0,23,31,6,64,81,c28
0,23,31,6,64,81,c12
0,23,31,6,63,80,c28
0,23,31,6,63,80,c12
5,23,31,6,66,84,c28
5,23,31,6,66,84,c12
36,22,29,8,78,93,c35
36,22,29,8,78,93,c25
19,21,29,8,78,95,c34
19,21,29,8,78,95,c7
4,28,36,6,51,76,c4
3,28,36,5,54,75,c4
5,27,35,7,53,71,c4
4,26,35,7,51,72,c4
7,26,35,6,57,77,c4
10,26,32,7,74,82,c14
10,26,32,7,74,82,c14
10,26,32,7,74,82,c8
10,26,32,7,74,82,c7
8,27,33,6,70,80,c14
8,27,33,6,70,80,c14
8,27,33,6,70,80,c8
8,27,33,6,70,80,c7
7,27,33,6,70,80,c10
7,27,33,6,70,80,c11
7,27,33,6,70,80,c4
7,27,33,6,70,80,c12
7,26,32,7,70,82,c10
7,26,32,7,70,82,c11
7,26,32,7,70,82,c12
11,26,32,7,72,83,c14
11,26,32,7,72,83,c14
11,26,32,7,72,83,c7
0,24,31,5,75,83,c15
0,24,31,5,75,83,c16
9,24,31,7,78,87,c17
9,24,31,7,78,87,c18
8,23,30,8,80,90,c17
8,23,30,8,80,90,c18
30,23,29,8,87,94,c19
30,23,29,8,87,94,c20
50,22,27,8,90,96,c19
50,22,27,8,90,96,c20
6,28,38,7,51,71,c9
6,28,38,7,51,71,c4
0,29,38,5,48,68,c9
0,29,38,5,48,68,c6
7,28,38,7,52,73,c9
7,28,38,7,52,73,c4
5,28,38,7,47,70,c9
5,28,38,7,47,70,c4
7,28,38,7,52,74,c9
7,28,38,7,52,74,c4
6,27,35,5,64,82,c13
6,27,35,5,64,82,c4
3,27,36,5,65,80,c13
3,27,36,5,65,80,c4
0,27,36,4,63,79,c13
0,27,36,4,63,79,c6
12,27,35,6,64,80,c7
12,27,35,6,64,80,c8
14,26,35,7,68,82,c7
14,26,35,7,68,82,c8
4,28,38,6,52,64,c4
5,28,37,6,50,62,c4
4,28,37,6,49,65,c4
6,27,38,5,43,64,c4
4,28,38,6,45,63,c4
0,21,29,4,67,84,c47
0,21,29,4,67,84,c9
0,21,29,3,66,83,c47
0,21,29,3,66,83,c9
2,21,28,5,70,85,c47
2,21,28,5,70,85,c9
4,20,27,5,72,86,c47
4,20,27,5,72,86,c9
10,20,27,6,75,88,c47
10,20,27,6,75,88,c7
4,26,35,5,50,75,c9
4,26,35,5,50,75,c4
4,26,35,6,49,75,c9
4,26,35,6,49,75,c4
4,26,36,6,47,76,c9
4,26,36,6,47,76,c4
4,26,36,5,44,73,c9
4,26,36,5,44,73,c4
4,27,36,6,45,72,c9
4,27,36,6,45,72,c4
16,24,32,8,75,89,c21
16,24,32,8,75,89,c8
16,24,32,8,75,89,c22
12,24,32,8,73,85,c21
12,24,32,8,73,85,c8
12,24,32,8,73,85,c22
14,24,31,8,73,85,c21
14,24,31,8,73,85,c8
14,24,31,8,73,85,c22
11,24,32,8,73,84,c21
11,24,32,8,73,84,c8
11,24,32,8,73,84,c22
6,24,32,7,70,80,c1
6,24,32,7,70,80,c4
6,24,32,7,70,80,c3
4,26,34,5,41,55,c4
5,26,34,5,40,56,c4
5,26,33,5,44,57,c4
4,26,33,4,44,58,c4
6,25,33,5,45,60,c4
0,23,31,6,60,75,c9
0,23,31,6,60,75,c12
16,23,31,8,70,86,c7
16,23,31,8,70,86,c7
14,22,30,8,73,85,c7
14,22,30,8,73,85,c7
9,22,30,7,70,81,c7
9,22,30,7,70,81,c7
5,21,29,8,77,80,c9
5,21,29,8,77,80,c12
12,24,35,6,58,78,c21
12,24,35,6,58,78,c7
12,24,35,6,58,78,c7
12,24,35,6,58,78,c8
12,24,35,6,58,78,c7
20,23,34,7,60,85,c21
20,23,34,7,60,85,c7
20,23,34,7,60,85,c7
20,23,34,7,60,85,c8
20,23,34,7,60,85,c7
4,24,35,6,54,80,c1
4,24,35,6,54,80,c12
4,24,35,6,54,80,c9
4,24,35,6,54,80,c4
4,24,35,6,54,80,c12
4,24,35,5,52,80,c1
4,24,35,5,52,80,c12
4,24,35,5,52,80,c9
4,24,35,5,52,80,c12
8,24,34,6,54,78,c21
8,24,34,6,54,78,c7
8,24,34,6,54,78,c7
8,24,34,6,54,78,c7
4,27,39,5,28,60,c12
6,27,39,6,28,63,c12
3,27,38,5,30,62,c12
8,26,38,7,32,64,c7
11,26,38,7,34,66,c7
5,26,38,5,45,67,c12
5,26,38,6,46,66,c12
4,25,37,5,41,66,c12
7,25,37,7,43,67,c12
4,25,37,6,43,65,c12
7,26,33,7,55,75,c9
7,26,33,7,55,75,c4
5,26,33,7,52,73,c9
5,26,33,7,52,73,c4
3,25,33,6,51,71,c9
3,25,33,6,51,71,c4
3,25,34,6,50,70,c9
3,25,34,6,50,70,c4
4,25,35,5,50,68,c9
4,25,35,5,50,68,c4
14,25,35,7,56,74,c21
14,25,35,7,56,74,c8
14,25,35,7,56,74,c22
4,24,35,6,53,70,c1
4,24,35,6,53,70,c4
4,24,35,6,53,70,c3
4,24,36,5,48,69,c1
4,24,36,5,48,69,c3
6,24,35,5,48,70,c1
6,24,35,5,48,70,c3
6,23,34,5,46,70,c1
6,23,34,5,46,70,c3
0,27,38,4,35,55,c36
0,27,38,4,35,57,c36
0,27,39,6,35,58,c36
4,27,39,4,32,55,c36
3,27,39,5,35,56,c36
8,23,34,7,72,88,c21
8,23,34,7,72,88,c37
8,23,34,7,72,88,c37
8,23,34,7,72,88,c8
8,23,34,7,72,88,c7
14,23,33,8,74,90,c21
14,23,33,8,74,90,c37
14,23,33,8,74,90,c37
14,23,33,8,74,90,c8
14,23,33,8,74,90,c7
12,22,32,8,76,90,c21
12,22,32,8,76,90,c37
12,22,32,8,76,90,c37
12,22,32,8,76,90,c8
12,22,32,8,76,90,c7
14,22,31,8,74,90,c21
14,22,31,8,74,90,c37
14,22,31,8,74,90,c37
14,22,31,8,74,90,c8
14,22,31,8,74,90,c7
10,22,31,7,71,86,c21
10,22,31,7,71,86,c37
10,22,31,7,71,86,c37
10,22,31,7,71,86,c8
10,22,31,7,71,86,c7
9,26,37,6,48,64,c7
9,26,37,6,48,64,c7
3,26,38,5,45,60,c12
3,26,38,5,45,60,c9
0,26,37,5,43,59,c12
0,26,37,5,43,59,c9
0,27,38,5,40,60,c12
0,27,38,5,40,60,c9
0,27,38,5,38,59,c12
0,27,38,5,38,59,c9
0,23,30,6,75,91,c28
0,23,30,6,75,91,c27
0,23,31,5,73,90,c28
0,23,31,5,73,90,c27
0,23,31,6,74,89,c28
0,23,31,6,74,89,c27
7,22,30,7,77,90,c28
7,22,30,7,77,90,c27
16,21,29,8,83,94,c34
16,21,29,8,83,94,c18
0,25,36,4,42,69,c13
0,25,36,4,42,69,c6
0,26,35,6,41,68,c13
0,26,35,6,41,68,c6
3,26,35,5,46,72,c13
3,26,35,5,46,72,c4
4,26,35,6,47,74,c13
4,26,35,6,47,74,c4
0,26,35,7,45,70,c13
0,26,35,7,45,70,c6
0,25,34,6,43,65,c5
0,25,34,6,43,65,c3
0,25,34,6,43,65,c6
0,25,35,6,41,65,c5
0,25,35,6,41,65,c3
0,25,35,6,41,65,c6
0,24,35,6,40,65,c5
0,24,35,6,40,65,c3
0,24,35,6,40,65,c6
0,24,36,6,38,64,c5
0,24,36,6,38,64,c3
0,24,36,6,38,64,c6
0,25,37,6,37,63,c5
0,25,37,6,37,63,c3
0,25,37,6,37,63,c6
0,28,38,6,35,58,c9
0,28,38,6,35,58,c6
0,28,38,6,38,60,c9
0,28,38,6,38,60,c6
6,27,38,7,40,62,c9
6,27,38,7,40,62,c4
4,27,37,7,41,64,c9
4,27,37,7,41,64,c4
2,27,37,6,43,68,c9
2,27,37,6,43,68,c4
17,22,30,8,72,84,c37
17,22,30,8,72,84,c37
17,22,30,8,72,84,c8
17,22,30,8,72,84,c7
14,21,29,8,75,86,c37
14,21,29,8,75,86,c37
14,21,29,8,75,86,c8
14,21,29,8,75,86,c7
27,20,28,8,82,90,c38
27,20,28,8,82,90,c38
27,20,28,8,82,90,c30
27,20,28,8,82,90,c25
10,22,29,6,72,86,c37
10,22,29,6,72,86,c37
10,22,29,6,72,86,c8
10,22,29,6,72,86,c7
5,22,30,6,70,82,c39
5,22,30,6,70,82,c40
5,22,30,6,70,82,c4
5,22,30,6,70,82,c12
0,27,35,6,53,64,c12
0,27,35,6,53,64,c9
0,26,35,6,53,66,c12
0,26,35,6,53,66,c9
5,26,34,6,52,68,c12
5,26,34,6,52,68,c9
0,25,34,7,54,66,c12
0,25,34,7,54,66,c9
5,25,33,7,57,69,c12
5,25,33,7,57,69,c9
3,26,37,7,35,64,c13
3,26,37,7,35,64,c4
3,26,37,6,34,65,c13
3,26,37,6,34,65,c4
0,26,38,6,34,63,c13
0,26,38,6,34,63,c6
4,25,38,5,33,63,c13
4,25,38,5,33,63,c4
2,25,39,5,33,62,c13
2,25,39,5,33,62,c4
0,26,37,4,35,70,c5
0,26,37,4,35,70,c3
0,26,37,4,35,70,c6
0,26,37,4,38,70,c5
0,26,37,4,38,70,c3
0,26,37,4,38,70,c6
0,25,37,5,40,70,c5
0,25,37,5,40,70,c3
0,25,37,5,40,70,c6
4,25,37,6,41,72,c1
4,25,37,6,41,72,c3
4,25,37,6,41,72,c4
4,24,36,6,43,72,c1
4,24,36,6,43,72,c3
4,24,36,6,43,72,c4
3,26,33,5,41,60,c4
4,25,33,5,42,61,c4
4,25,33,6,42,62,c4
3,25,34,6,36,63,c4
0,25,34,5,35,66,c6
3,23,32,6,68,80,c10
3,23,32,6,68,80,c11
3,23,32,6,68,80,c4
3,23,32,6,68,80,c12
0,23,33,5,64,79,c10
0,23,33,5,64,79,c11
0,23,33,5,64,79,c12
0,23,33,5,64,77,c10
0,23,33,5,64,77,c11
0,23,33,5,64,77,c12
6,23,33,6,70,81,c10
6,23,33,6,70,81,c11
6,23,33,6,70,81,c12
14,22,32,7,74,85,c14
14,22,32,7,74,85,c14
14,22,32,7,74,85,c7
3,27,35,7,38,58,c12
3,27,35,7,38,58,c9
4,26,34,6,42,63,c12
4,26,34,6,42,63,c9
7,26,34,7,41,62,c12
7,26,34,7,41,62,c9
8,25,33,6,42,66,c7
8,25,33,6,42,66,c7
7,25,33,7,41,67,c12
7,25,33,7,41,67,c9
6,27,38,5,42,66,c13
6,27,38,5,42,66,c4
4,27,38,5,44,64,c13
4,27,38,5,44,64,c4
18,27,38,6,48,72,c7
18,27,38,6,48,72,c8
7,27,37,7,50,71,c13
7,27,37,7,50,71,c4
4,26,38,5,48,66,c13
4,26,38,5,48,66,c4
0,25,35,7,39,70,c5
0,25,35,7,39,70,c2
0,25,35,7,39,70,c3
0,25,35,7,39,70,c6
0,25,36,7,40,71,c5
0,25,36,7,40,71,c2
0,25,36,7,40,71,c3
0,25,36,7,40,71,c6
3,23,36,7,39,70,c1
3,23,36,7,39,70,c2
3,23,36,7,39,70,c3
3,23,36,7,39,70,c4
0,23,35,5,33,64,c5
0,23,35,5,33,64,c2
0,23,35,5,33,64,c3
0,23,35,5,33,64,c6
0,24,35,5,34,71,c5
0,24,35,5,34,71,c2
0,24,35,5,34,71,c3
0,24,35,5,34,71,c6
6,25,36,6,53,77,c13
6,25,36,6,53,77,c3
4,25,36,7,55,76,c13
4,25,36,7,55,76,c3
10,24,36,7,60,80,c7
10,24,36,7,60,80,c22
4,24,36,6,55,78,c13
4,24,36,6,55,78,c4
4,24,36,6,55,78,c3
4,24,35,6,56,76,c13
4,24,35,6,56,76,c3
7,26,36,6,39,65,c4
0,25,35,5,36,65,c6
4,26,34,6,37,64,c4
0,26,35,5,38,65,c6
3,26,35,4,39,65,c4
2,25,35,6,74,86,c10
2,25,35,6,74,86,c11
2,25,35,6,74,86,c4
2,25,35,6,74,86,c12
16,24,34,8,80,90,c14
16,24,34,8,80,90,c14
16,24,34,8,80,90,c7
19,23,33,8,85,93,c14
19,23,33,8,85,93,c14
19,23,33,8,85,93,c8
19,23,33,8,85,93,c7
9,24,34,7,82,91,c14
9,24,34,7,82,91,c14
9,24,34,7,82,91,c8
9,24,34,7,82,91,c7
13,23,34,7,84,92,c14
13,23,34,7,84,92,c14
13,23,34,7,84,92,c8
13,23,34,7,84,92,c7
0,21,32,6,48,83,c28
0,21,32,6,48,83,c28
0,21,32,6,48,83,c16
0,21,32,6,48,83,c16
0,21,32,7,50,85,c28
0,21,32,7,50,85,c28
0,21,32,7,50,85,c16
0,21,32,7,50,85,c16
11,20,31,8,67,90,c34
11,20,31,8,67,90,c34
11,20,31,8,67,90,c18
11,20,31,8,67,90,c18
12,20,30,8,76,92,c34
12,20,30,8,76,92,c34
12,20,30,8,76,92,c18
12,20,30,8,76,92,c18
26,19,30,8,83,95,c35
26,19,30,8,83,95,c35
26,19,30,8,83,95,c20
26,19,30,8,83,95,c20
4,27,38,7,35,63,c9
4,27,38,6,36,64,c9
4,27,38,6,36,65,c9
0,27,37,5,35,63,c9
0,27,37,6,41,65,c9
10,23,36,6,56,87,c7
10,23,36,6,56,87,c8
8,24,37,5,50,85,c7
8,24,37,5,50,85,c8
4,24,37,5,50,80,c13
4,24,37,5,50,80,c4
20,25,36,7,58,82,c7
20,25,36,7,58,82,c8
5,24,35,6,56,86,c13
5,24,35,6,56,86,c4
6,29,37,8,42,66,c4
7,28,37,7,43,68,c4
5,28,36,5,41,68,c4
9,27,36,7,42,64,c8
5,27,36,6,48,66,c4
0,26,35,5,57,76,c5
0,26,35,5,57,76,c2
0,26,35,5,57,76,c3
0,27,35,5,56,78,c5
0,27,35,5,56,78,c2
0,27,35,5,56,78,c3
0,26,35,4,57,76,c5
0,26,35,4,57,76,c2
0,26,35,4,57,76,c3
0,25,34,5,54,78,c5
0,25,34,5,54,78,c2
0,25,34,5,54,78,c3
0,25,34,3,54,74,c5
0,25,34,3,54,74,c2
0,25,34,3,54,74,c3
10,25,33,6,76,86,c23
10,25,33,6,76,86,c7
12,25,32,7,78,89,c23
12,25,32,7,78,89,c7
19,24,32,7,81,90,c23
19,24,32,7,81,90,c7
22,24,31,8,84,92,c23
22,24,31,8,84,92,c7
13,24,31,7,80,87,c23
13,24,31,7,80,87,c7
0,29,38,5,54,64,c12
0,29,38,5,54,64,c12
3,28,39,6,57,68,c12
4,28,38,7,58,70,c12
4,27,38,7,60,73,c12
0,29,38,5,44,67,c9
0,29,38,5,44,67,c6
5,28,38,6,47,72,c9
5,28,38,6,47,72,c4
7,28,38,7,50,74,c9
7,28,38,7,50,74,c4
4,27,37,6,52,74,c9
4,27,37,6,52,74,c4
0,27,37,5,58,70,c9
0,27,37,5,58,70,c6
7,22,28,7,70,89,c28
7,22,28,7,70,89,c28
7,22,28,7,70,89,c16
7,22,28,7,70,89,c16
0,21,29,6,65,80,c28
0,21,29,6,65,80,c28
0,21,29,6,65,80,c16
0,21,29,6,65,80,c16
0,20,29,6,60,76,c28
0,20,29,6,60,76,c28
0,20,29,6,60,76,c16
0,20,29,6,60,76,c16
0,20,30,5,53,70,c28
0,20,30,5,53,70,c28
0,20,30,5,53,70,c16
0,20,30,5,53,70,c16
0,20,30,5,52,68,c28
0,20,30,5,52,68,c28
0,20,30,5,52,68,c16
0,20,30,5,52,68,c16
4,27,35,6,55,76,c13
4,27,35,6,55,76,c3
12,26,34,7,58,78,c7
12,26,34,7,58,78,c22
4,26,35,5,56,76,c13
4,26,35,5,56,76,c4
4,26,35,5,56,76,c3
4,26,35,5,56,76,c13
4,26,35,5,56,76,c3
8,26,35,6,58,78,c7
8,26,35,6,58,78,c22
7,24,28,7,83,90,c15
7,24,28,7,83,90,c26
7,24,28,7,83,90,c16
6,24,28,7,84,90,c15
6,24,28,7,84,90,c26
6,24,28,7,84,90,c16
3,23,27,7,82,90,c15
3,23,27,7,82,90,c26
3,23,27,7,82,90,c16
4,23,27,6,81,90,c15
4,23,27,6,81,90,c26
4,23,27,6,81,90,c16
3,24,28,7,80,89,c15
3,24,28,7,80,89,c26
3,24,28,7,80,89,c16
5,27,35,7,66,82,c4
5,28,36,5,64,80,c4
5,28,36,6,66,81,c4
8,28,34,7,65,82,c8
5,28,35,7,64,83,c4
3,29,38,6,56,73,c12
0,29,38,5,56,71,c12
4,28,38,6,54,71,c12
5,28,37,6,56,71,c12
7,27,37,6,56,72,c12
8,26,31,8,75,85,c7
8,26,31,8,75,85,c7
14,25,30,8,77,86,c7
14,25,30,8,77,86,c7
3,25,30,6,74,84,c9
3,25,30,6,74,84,c12
0,24,31,5,72,82,c9
0,24,31,5,72,82,c12
0,23,31,5,70,81,c9
0,23,31,5,70,81,c12
3,26,35,5,57,72,c9
3,26,35,5,57,72,c4
4,26,35,6,57,74,c9
4,26,35,6,57,74,c4
5,26,35,5,59,74,c9
5,26,35,5,59,74,c4
4,25,34,5,59,75,c9
4,25,34,5,59,75,c4
9,25,34,6,60,75,c7
9,25,34,6,60,75,c8
12,26,34,6,60,72,c21
12,26,34,6,60,72,c8
12,26,34,6,60,72,c22
12,26,34,7,58,72,c21
12,26,34,7,58,72,c8
12,26,34,7,58,72,c22
15,26,34,7,62,78,c21
15,26,34,7,62,78,c8
15,26,34,7,62,78,c22
8,26,34,6,61,73,c21
8,26,34,6,61,73,c8
8,26,34,6,61,73,c22
4,26,34,6,58,71,c1
4,26,34,6,58,71,c4
4,26,34,6,58,71,c3
0,23,28,7,62,76,c15
0,23,28,7,62,76,c26
0,23,28,7,62,76,c29
0,23,28,6,60,73,c15
0,23,28,6,60,73,c26
0,23,28,6,60,73,c29
0,24,29,6,60,71,c15
0,24,29,6,60,71,c26
0,24,29,6,60,71,c29
0,24,28,7,60,72,c15
0,24,28,7,60,72,c26
0,24,28,7,60,72,c29
0,24,29,6,58,71,c15
0,24,29,6,58,71,c26
0,24,29,6,58,71,c29
6,28,36,7,58,75,c4
0,27,35,6,55,71,c6
0,27,35,6,54,70,c6
0,26,34,5,54,69,c6
5,26,34,6,55,70,c6
2,27,36,5,58,74,c9
2,27,36,5,58,74,c4
2,27,36,6,58,74,c9
2,27,36,6,58,74,c4
2,27,36,6,61,74,c9
2,27,36,6,61,74,c4
15,26,35,7,62,79,c7
15,26,35,7,62,79,c8
10,26,35,6,69,78,c7
10,26,35,6,69,78,c8
6,26,36,7,56,68,c4
8,26,36,6,54,69,c8
6,25,35,7,56,72,c4
5,25,35,6,53,66,c4
5,25,35,7,54,66,c4
20,26,36,8,60,80,c21
20,26,36,8,60,80,c7
20,26,36,8,60,80,c8
8,26,35,6,56,75,c21
8,26,35,6,56,75,c7
8,26,35,6,56,75,c8
5,26,34,7,53,73,c1
5,26,34,7,53,73,c12
5,26,34,7,53,73,c4
4,26,35,6,51,72,c1
4,26,35,6,51,72,c12
4,26,35,6,51,72,c4
0,26,35,5,45,70,c5
0,26,35,5,45,70,c12
0,26,35,5,45,70,c6
0,24,29,4,68,83,c28
0,24,29,4,68,83,c12
0,24,29,5,65,81,c28
0,24,29,5,65,81,c12
0,23,29,4,67,82,c28
0,23,29,4,67,82,c12
0,23,29,5,66,81,c28
0,23,29,5,66,81,c12
0,23,28,4,65,79,c28
0,23,28,4,65,79,c12
3,28,36,5,55,73,c12
4,27,36,6,56,70,c12
5,27,35,7,57,71,c12
4,26,35,5,55,73,c12
0,26,34,4,54,71,c12
4,25,33,7,66,82,c1
4,25,33,7,66,82,c4
4,25,33,7,66,82,c3
3,25,33,8,68,81,c1
3,25,33,8,68,81,c3
4,25,33,7,65,80,c1
4,25,33,7,65,80,c3
3,25,32,8,64,82,c1
3,25,32,8,64,82,c3
3,24,32,7,65,80,c1
3,24,32,7,65,80,c3
4,26,36,6,72,83,c1
4,26,36,6,72,83,c12
4,26,36,6,72,83,c4
6,25,35,7,72,85,c1
6,25,35,7,72,85,c12
6,25,35,7,72,85,c4
3,25,35,6,71,82,c1
3,25,35,6,71,82,c12
3,25,35,6,71,82,c4
0,26,36,6,70,80,c5
0,26,36,6,70,80,c12
0,26,36,6,70,80,c6
0,26,36,5,68,80,c5
0,26,36,5,68,80,c12
0,26,36,5,68,80,c6
3,28,36,6,56,68,c4
0,28,36,4,55,65,c6
0,28,35,4,56,65,c6
4,27,34,6,58,68,c4
3,27,34,5,59,69,c4
0,26,31,4,55,73,c12
0,26,31,4,54,74,c12
3,26,31,6,55,74,c12
5,25,30,6,56,72,c12
6,25,30,6,57,73,c12
0,24,30,4,72,80,c28
0,24,30,4,72,80,c12
0,23,30,6,72,80,c28
0,23,30,6,72,80,c12
8,23,30,6,73,82,c34
8,23,30,6,73,82,c7
64,22,29,8,84,90,c35
64,22,29,8,84,90,c25
10,22,28,8,84,89,c34
10,22,28,8,84,89,c7
4,27,33,6,65,78,c9
4,27,33,6,65,78,c4
4,25,33,6,64,78,c9
4,25,33,6,64,78,c4
0,25,34,5,61,75,c9
0,25,34,5,61,75,c6
4,25,33,7,64,77,c9
4,25,33,7,64,77,c6
0,27,33,6,62,74,c9
0,27,33,6,62,74,c6
7,27,38,7,22,63,c12
4,27,38,6,23,62,c12
0,27,38,7,20,64,c12
0,27,37,7,20,63,c12
11,26,37,8,22,65,c7
8,26,31,7,70,79,c21
8,26,31,7,70,79,c8
8,26,31,7,70,79,c22
5,26,31,7,70,79,c1
5,26,31,7,70,79,c4
5,26,31,7,70,79,c3
4,26,31,7,70,80,c1
4,26,31,7,70,80,c3
12,25,30,8,73,85,c21
12,25,30,8,73,85,c22
6,25,30,7,75,85,c1
6,25,30,7,75,85,c4
6,25,30,7,75,85,c3
0,28,35,4,52,67,c6
0,28,35,5,53,69,c6
0,27,35,4,57,70,c6
0,27,34,4,56,68,c6
0,27,34,4,57,69,c6
5,25,30,6,75,82,c9
5,25,30,6,75,82,c12
62,23,28,8,80,88,c25
62,23,28,8,80,88,c25
10,23,28,7,80,86,c7
10,23,28,7,80,86,c7
12,24,29,7,80,86,c7
12,24,29,7,80,86,c7
18,24,29,7,78,86,c7
18,24,29,7,78,86,c7
10,26,36,6,65,80,c21
10,26,36,6,65,80,c7
10,26,36,6,65,80,c8
10,26,36,6,65,80,c7
8,26,36,6,65,78,c21
8,26,36,6,65,78,c7
8,26,36,6,65,78,c8
8,26,36,6,65,78,c7
2,26,36,4,65,78,c1
2,26,36,4,65,78,c12
2,26,36,4,65,78,c4
2,26,36,4,65,78,c12
2,27,37,5,63,76,c1
2,27,37,5,63,76,c12
2,27,37,5,63,76,c12
3,27,37,5,63,75,c1
3,27,37,5,63,75,c12
3,27,37,5,63,75,c12
3,27,36,7,58,72,c12
4,27,36,6,57,74,c12
0,27,36,6,56,72,c12
4,26,35,7,54,73,c12
5,26,35,7,56,75,c12
5,26,31,8,65,77,c9
5,26,31,8,65,77,c4
3,26,31,7,59,76,c9
3,26,31,7,59,76,c4
0,27,32,6,57,74,c9
0,27,32,6,57,74,c6
0,27,32,6,58,75,c9
0,27,32,6,58,75,c6
0,27,32,5,58,73,c9
0,27,32,5,58,73,c6
4,26,33,6,59,75,c1
4,26,33,6,59,75,c3
4,26,33,5,57,74,c1
4,26,33,5,57,74,c3
4,26,33,6,57,74,c1
4,26,33,6,57,74,c3
4,27,32,5,58,72,c1
4,27,32,5,58,72,c3
4,27,32,6,57,72,c1
4,27,32,6,57,72,c3
3,30,37,4,53,69,c36
3,29,37,5,55,70,c36
7,29,38,6,55,73,c36
5,28,38,5,55,68,c36
0,28,38,6,56,70,c36
3,25,34,6,72,83,c1
3,25,34,6,72,83,c39
3,25,34,6,72,83,c4
3,25,34,6,72,83,c12
10,25,34,6,73,85,c21
10,25,34,6,73,85,c37
10,25,34,6,73,85,c7
12,24,33,7,76,86,c21
12,24,33,7,76,86,c37
12,24,33,7,76,86,c8
12,24,33,7,76,86,c7
8,24,33,7,76,88,c21
8,24,33,7,76,88,c37
8,24,33,7,76,88,c8
8,24,33,7,76,88,c7
12,23,32,8,80,90,c21
12,23,32,8,80,90,c37
12,23,32,8,80,90,c8
12,23,32,8,80,90,c7
14,23,31,8,68,91,c7
14,23,31,8,68,91,c7
16,22,30,8,73,93,c7
16,22,30,8,73,93,c7
0,23,31,7,70,90,c9
0,23,31,7,70,90,c12
0,22,31,5,70,89,c9
0,22,31,5,70,89,c12
0,22,31,4,70,87,c9
0,22,31,4,70,87,c12
4,28,36,7,57,71,c12
4,28,36,7,57,71,c9
0,28,37,6,55,69,c12
0,28,37,6,55,69,c9
0,28,37,5,55,69,c12
0,28,37,5,55,69,c9
0,29,37,6,52,67,c12
0,29,37,6,52,67,c9
0,28,37,6,51,65,c12
0,28,37,6,51,65,c9
3,25,30,6,72,85,c28
3,25,30,6,72,85,c27
0,25,30,6,73,84,c28
0,25,30,6,73,84,c27
6,24,29,7,75,85,c28
6,24,29,7,75,85,c27
9,24,29,8,78,87,c34
9,24,29,8,78,87,c18
3,24,29,7,78,87,c28
3,24,29,7,78,87,c27
2,27,34,6,56,74,c13
2,27,34,6,56,74,c4
0,27,34,6,53,74,c13
0,27,34,6,53,74,c6
3,27,34,7,54,75,c13
3,27,34,7,54,75,c6
3,27,34,7,54,75,c13
3,27,34,7,54,75,c6
3,27,34,7,56,75,c13
3,27,34,7,56,75,c6
3,27,33,5,55,76,c1
3,27,33,5,55,76,c3
3,27,33,5,55,76,c4
3,27,33,5,55,75,c1
3,27,33,5,55,75,c3
3,27,33,5,55,75,c4
0,27,34,4,50,72,c5
0,27,34,4,50,72,c3
0,27,34,4,50,72,c6
0,28,35,4,50,70,c5
0,28,35,4,50,70,c3
0,28,35,4,50,70,c6
0,28,36,5,48,70,c5
0,28,36,5,48,70,c3
0,28,36,5,48,70,c6
3,29,38,6,43,67,c36
0,29,38,4,45,66,c36
0,29,39,4,44,64,c36
4,29,38,6,46,66,c36
5,29,38,6,47,65,c36
22,24,29,8,80,90,c37
22,24,29,8,80,90,c37
22,24,29,8,80,90,c8
22,24,29,8,80,90,c7
16,25,30,8,78,88,c37
16,25,30,8,78,88,c37
16,25,30,8,78,88,c8
16,25,30,8,78,88,c7
14,25,30,8,74,86,c37
14,25,30,8,74,86,c37
14,25,30,8,74,86,c8
14,25,30,8,74,86,c7
11,25,30,7,72,84,c37
11,25,30,7,72,84,c37
11,25,30,7,72,84,c8
11,25,30,7,72,84,c7
3,25,30,6,69,84,c39
3,25,30,6,69,84,c40
3,25,30,6,69,84,c4
3,25,30,6,69,84,c12
0,28,34,7,51,67,c12
0,28,34,7,51,67,c9
8,27,33,7,55,70,c7
8,27,33,7,55,70,c7
7,27,33,6,60,74,c12
7,27,33,6,60,74,c9
7,27,32,7,64,76,c12
7,27,32,7,64,76,c9
8,27,32,7,67,78,c7
8,27,32,7,67,78,c7
3,27,37,5,45,72,c13
3,27,37,5,45,72,c4
2,27,37,4,44,72,c13
2,27,37,4,44,72,c4
0,27,37,4,43,70,c13
0,27,37,4,43,70,c6
4,27,37,5,45,71,c13
4,27,37,5,45,71,c4
4,27,37,6,44,71,c13
4,27,37,6,44,71,c4
0,27,37,3,57,77,c5
0,27,37,3,57,77,c3
0,27,37,3,57,77,c6
3,27,37,4,61,81,c1
3,27,37,4,61,81,c3
3,27,37,4,61,81,c4
4,27,37,4,63,82,c1
4,27,37,4,63,82,c3
4,27,37,4,63,82,c4
8,26,36,6,64,82,c21
8,26,36,6,64,82,c22
8,26,36,6,64,82,c8
7,26,36,6,64,80,c1
7,26,36,6,64,80,c3
7,26,36,6,64,80,c4
8,24,28,7,78,82,c42
8,24,28,7,78,82,c7
8,24,28,7,78,82,c7
18,22,27,8,84,91,c42
18,22,27,8,84,91,c7
18,22,27,8,84,91,c7
22,21,25,8,88,96,c42
22,21,25,8,88,96,c7
22,21,25,8,88,96,c7
14,21,26,7,85,95,c42
14,21,26,7,85,95,c7
14,21,26,7,85,95,c7
8,22,26,7,82,93,c42
8,22,26,7,82,93,c7
8,22,26,7,82,93,c7
0,21,30,2,60,85,c5
0,21,30,2,60,85,c5
0,21,30,2,63,87,c5
0,21,30,2,63,87,c5
0,21,30,2,67,89,c5
0,21,30,2,67,89,c5
0,21,30,2,67,91,c5
0,21,30,2,67,91,c5
0,21,30,2,69,92,c5
0,21,30,2,69,92,c5
7,23,30,6,80,92,c26
7,23,30,6,80,92,c29
3,23,30,5,77,90,c26
3,23,30,5,77,90,c29
0,21,29,4,70,83,c26
0,21,29,4,70,83,c29
0,21,28,4,63,83,c26
0,21,28,4,63,83,c29
0,21,27,4,64,82,c26
0,21,27,4,64,82,c29
0,23,29,3,78,84,c5
0,23,29,3,78,84,c13
3,22,28,5,80,90,c1
3,22,28,5,80,90,c13
3,21,28,6,84,90,c1
3,21,28,6,84,90,c13
0,22,29,4,81,87,c5
0,22,29,4,81,87,c13
0,22,28,4,78,83,c5
0,22,28,4,78,83,c13
0,21,29,3,73,83,c44
0,21,29,3,73,83,c16
0,21,29,3,73,83,c16
0,21,28,4,70,84,c44
0,21,28,4,70,84,c16
0,21,28,4,70,84,c16
0,22,28,3,68,82,c44
0,22,28,3,68,82,c16
0,22,28,3,68,82,c16
2,22,27,6,72,88,c44
2,22,27,6,72,88,c16
2,22,27,6,72,88,c16
1,22,28,5,70,85,c44
1,22,28,5,70,85,c16
1,22,28,5,70,85,c16
0,20,29,4,72,87,c5
0,20,29,4,72,87,c5
0,20,29,4,72,87,c45
0,21,28,2,74,88,c5
0,21,28,2,74,88,c5
0,21,28,2,74,88,c45
0,20,29,2,75,85,c5
0,20,29,2,75,85,c5
0,20,29,2,75,85,c45
0,20,28,3,73,85,c5
0,20,28,3,73,85,c5
0,20,28,3,73,85,c45
0,20,29,4,72,87,c5
0,20,29,4,72,87,c5
0,20,29,4,72,87,c45
0,22,29,4,75,86,c26
0,22,29,4,75,86,c46
0,22,29,4,75,86,c16
0,22,29,4,76,88,c26
0,22,29,4,76,88,c46
0,22,29,4,76,88,c16
0,21,29,3,77,87,c26
0,21,29,3,77,87,c46
0,21,29,3,77,87,c16
0,21,28,3,75,85,c26
0,21,28,3,75,85,c46
0,21,28,3,75,85,c16
0,21,28,4,75,85,c26
0,21,28,4,75,85,c46
0,21,28,4,75,85,c16
0,25,28,4,85,87,c5
0,25,28,4,85,87,c13
0,24,28,3,85,87,c5
0,24,28,3,85,87,c13
2,24,28,6,87,90,c1
2,24,28,6,87,90,c13
0,24,28,5,82,86,c5
0,24,28,5,82,86,c13
0,24,27,5,80,85,c5
0,24,27,5,80,85,c13
0,23,30,3,80,82,c5
0,23,30,3,80,82,c48
0,23,30,3,82,82,c5
0,23,30,3,82,82,c48
0,23,30,3,84,85,c5
0,23,30,3,84,85,c48
0,23,30,3,83,85,c5
0,23,30,3,83,85,c48
0,23,30,3,82,84,c5
0,23,30,3,82,84,c48
10,23,26,7,83,87,c21
10,23,26,7,83,87,c7
0,22,27,5,80,85,c5
0,22,27,5,80,85,c13
0,22,27,4,75,85,c5
0,22,27,4,75,85,c13
0,21,27,3,74,85,c5
0,21,27,3,74,85,c13
0,20,26,4,74,86,c5
0,20,26,4,74,86,c13
0,22,29,5,82,85,c26
0,22,29,5,82,85,c29
0,21,29,6,80,83,c26
0,21,29,6,80,83,c29
14,20,28,7,84,89,c17
14,20,28,7,84,89,c43
3,21,28,7,82,86,c26
3,21,28,7,82,86,c29
3,21,28,8,80,84,c26
3,21,28,8,80,84,c29
0,19,30,2,65,90,c5
0,19,30,2,65,90,c5
0,19,30,2,68,92,c5
0,19,30,2,68,92,c5
0,19,30,2,70,93,c5
0,19,30,2,70,93,c5
0,19,30,2,72,94,c5
0,19,30,2,72,94,c5
0,19,30,2,73,95,c5
0,19,30,2,73,95,c5
0,21,28,3,75,83,c44
0,21,28,3,75,83,c16
0,21,28,3,75,83,c16
0,21,28,2,72,80,c44
0,21,28,2,72,80,c16
0,21,28,2,72,80,c16
0,21,27,3,74,80,c44
0,21,27,3,74,80,c16
0,21,27,3,74,80,c16
0,20,27,3,77,84,c44
0,20,27,3,77,84,c16
0,20,27,3,77,84,c16
3,20,28,6,80,88,c44
3,20,28,6,80,88,c16
3,20,28,6,80,88,c16
0,22,30,3,70,78,c5
0,22,30,3,70,78,c5
0,22,30,3,70,78,c13
2,21,29,5,72,82,c1
2,21,29,5,72,82,c1
2,21,29,5,72,82,c13
2,21,29,5,72,85,c1
2,21,29,5,72,85,c1
2,21,29,5,72,85,c13
0,21,30,3,70,83,c5
0,21,30,3,70,83,c5
0,21,30,3,70,83,c13
0,21,30,3,69,80,c5
0,21,30,3,69,80,c5
0,21,30,3,69,80,c13
0,22,29,6,82,92,c26
0,22,29,6,82,92,c46
0,22,29,6,82,92,c16
0,21,28,5,80,93,c26
0,21,28,5,80,93,c46
0,21,28,5,80,93,c16
0,21,29,3,78,90,c26
0,21,29,3,78,90,c46
0,21,29,3,78,90,c16
0,20,28,3,77,88,c26
0,20,28,3,77,88,c46
0,20,28,3,77,88,c16
0,21,28,3,76,87,c26
0,21,28,3,76,87,c46
0,21,28,3,76,87,c16
0,21,29,4,67,84,c47
0,21,29,4,67,84,c9
0,21,29,4,67,84,c13
0,20,29,3,66,83,c47
0,20,29,3,66,83,c9
0,20,29,3,66,83,c13
2,21,29,5,67,83,c47
2,21,29,5,67,83,c9
2,21,29,5,67,83,c13
4,20,28,5,67,82,c47
4,20,28,5,67,82,c9
4,20,28,5,67,82,c13
14,19,28,6,72,90,c47
14,19,28,6,72,90,c7
14,19,28,6,72,90,c7
0,22,33,3,70,85,c5
0,22,33,3,70,85,c5
0,22,33,3,71,86,c5
0,22,33,3,71,86,c5
0,22,33,3,72,87,c5
0,22,33,3,72,87,c5
0,22,33,3,75,88,c5
0,22,33,3,75,88,c5
0,22,33,3,73,89,c5
0,22,33,3,73,89,c5
0,22,32,3,66,88,c5
0,22,32,3,66,88,c48
0,22,32,3,68,86,c5
0,22,32,3,68,86,c48
0,22,32,3,67,88,c5
0,22,32,3,67,88,c48
0,22,32,3,70,87,c5
0,22,32,3,70,87,c48
0,22,32,3,68,86,c5
0,22,32,3,68,86,c48
0,23,33,3,60,83,c5
0,23,33,3,60,83,c5
0,23,33,3,63,85,c5
0,23,33,3,63,85,c5
0,23,33,3,64,87,c5
0,23,33,3,64,87,c5
0,23,33,3,64,87,c5
0,23,33,3,64,87,c5
0,23,33,3,65,88,c5
0,23,33,3,65,88,c5
6,22,28,7,76,86,c41
6,22,28,7,76,86,c9
16,21,27,8,80,88,c42
16,21,27,8,80,88,c7
16,21,26,8,82,90,c42
16,21,26,8,82,90,c7
13,20,26,8,82,90,c42
13,20,26,8,82,90,c7
10,21,26,7,81,88,c42
10,21,26,7,81,88,c7
0,22,33,3,70,85,c5
0,22,33,3,70,85,c5
0,22,33,3,71,86,c5
0,22,33,3,71,86,c5
0,22,33,3,72,87,c5
0,22,33,3,72,87,c5
0,22,33,3,73,88,c5
0,22,33,3,73,88,c5
0,22,33,3,73,89,c5
0,22,33,3,73,89,c5
3,24,30,5,80,89,c26
3,24,30,5,80,89,c29
0,24,29,4,74,87,c26
0,24,29,4,74,87,c29
0,23,28,5,71,83,c26
0,23,28,5,71,83,c29
0,21,27,4,68,83,c26
0,21,27,4,68,83,c29
0,21,27,4,64,82,c26
0,21,27,4,64,82,c29
0,22,30,3,71,84,c5
0,22,30,3,71,84,c13
3,21,29,5,77,90,c1
3,21,29,5,77,90,c13
3,21,28,6,80,90,c1
3,21,28,6,80,90,c13
0,22,29,5,78,85,c5
0,22,29,5,78,85,c13
0,22,30,4,75,83,c5
0,22,30,4,75,83,c13
0,22,29,5,69,86,c44
0,22,29,5,69,86,c16
0,22,29,5,69,86,c16
0,22,29,4,67,84,c44
0,22,29,4,67,84,c16
0,22,29,4,67,84,c16
0,21,28,3,68,82,c44
0,21,28,3,68,82,c16
0,21,28,3,68,82,c16
2,22,27,6,70,87,c44
2,22,27,6,70,87,c16
2,22,27,6,70,87,c16
1,23,27,5,70,84,c44
1,23,27,5,70,84,c16
1,23,27,5,70,84,c16
0,22,31,4,69,89,c5
0,22,31,4,69,89,c5
0,22,31,4,69,89,c45
0,21,31,2,65,89,c5
0,21,31,2,65,89,c5
0,21,31,2,65,89,c45
0,22,31,2,67,86,c5
0,22,31,2,67,86,c5
0,22,31,2,67,86,c45
0,21,30,3,64,86,c5
0,21,30,3,64,86,c5
0,21,30,3,64,86,c45
0,21,30,2,68,88,c5
0,21,30,2,68,88,c5
0,21,30,2,68,88,c45
0,22,29,4,72,84,c26
0,22,29,4,72,84,c46
0,22,29,4,72,84,c16
0,22,29,4,74,84,c26
0,22,29,4,74,84,c46
0,22,29,4,74,84,c16
0,22,28,3,75,83,c26
0,22,28,3,75,83,c46
0,22,28,3,75,83,c16
0,21,28,3,72,81,c26
0,21,28,3,72,81,c46
0,21,28,3,72,81,c16
0,22,28,4,72,82,c26
0,22,28,4,72,82,c46
0,22,28,4,72,82,c16
0,22,29,4,81,87,c5
0,22,29,4,81,87,c13
0,21,29,3,80,87,c5
0,21,29,3,80,87,c13
0,21,29,4,80,87,c5
0,21,29,4,80,87,c13
0,22,29,5,82,86,c5
0,22,29,5,82,86,c13
0,22,29,5,80,85,c5
0,22,29,5,80,85,c13
5,23,29,6,78,90,c1
5,23,29,6,78,90,c13
0,22,29,3,77,87,c5
0,22,29,3,77,87,c13
0,24,30,3,71,85,c5
0,24,30,3,71,85,c13
0,23,29,3,68,86,c5
0,23,29,3,68,86,c13
0,23,29,2,65,82,c5
0,23,29,2,65,82,c13
0,22,32,3,66,88,c5
0,22,32,3,66,88,c48
0,22,32,3,68,86,c5
0,22,32,3,68,86,c48
0,22,32,3,67,88,c5
0,22,32,3,67,88,c48
0,22,32,3,70,87,c5
0,22,32,3,70,87,c48
0,22,32,3,68,86,c5
0,22,32,3,68,86,c48
8,22,28,7,83,88,c21
8,22,28,7,83,88,c7
0,23,27,5,80,85,c5
0,23,27,5,80,85,c13
0,22,27,4,80,85,c5
0,22,27,4,80,85,c13
0,21,27,3,78,85,c5
0,21,27,3,78,85,c13
0,22,28,3,77,86,c5
0,22,28,3,77,86,c13
0,23,33,3,60,83,c5
0,23,33,3,60,83,c5
0,23,33,3,63,85,c5
0,23,33,3,63,85,c5
0,23,33,3,64,87,c5
0,23,33,3,64,87,c5
0,23,33,3,64,87,c5
0,23,33,3,64,87,c5
0,23,33,3,65,88,c5
0,23,33,3,65,88,c5
0,22,29,3,75,83,c44
0,22,29,3,75,83,c16
0,22,29,3,75,83,c16
0,22,29,2,73,82,c44
0,22,29,2,73,82,c16
0,22,29,2,73,82,c16
0,22,28,3,70,80,c44
0,22,28,3,70,80,c16
0,22,28,3,70,80,c16
0,21,28,3,68,81,c44
0,21,28,3,68,81,c16
0,21,28,3,68,81,c16
3,22,28,6,74,85,c44
3,22,28,6,74,85,c16
3,22,28,6,74,85,c16
0,22,30,3,68,84,c5
0,22,30,3,68,84,c5
0,22,30,3,68,84,c13
0,22,30,3,67,83,c5
0,22,30,3,67,83,c5
0,22,30,3,67,83,c13
2,22,29,4,67,87,c1
2,22,29,4,67,87,c1
2,22,29,4,67,87,c13
0,22,30,2,70,86,c5
0,22,30,2,70,86,c5
0,22,30,2,70,86,c13
0,22,29,3,63,82,c5
0,22,29,3,63,82,c5
0,22,29,3,63,82,c13
0,22,30,5,76,82,c26
0,22,30,5,76,82,c46
0,22,30,5,76,82,c16
0,22,30,5,75,83,c26
0,22,30,5,75,83,c46
0,22,30,5,75,83,c16
0,21,29,3,76,82,c26
0,21,29,3,76,82,c46
0,21,29,3,76,82,c16
0,21,29,3,77,83,c26
0,21,29,3,77,83,c46
0,21,29,3,77,83,c16
0,21,30,3,75,83,c26
0,21,30,3,75,83,c46
0,21,30,3,75,83,c16
0,22,30,3,65,80,c5
0,22,30,3,65,80,c5
0,22,30,3,65,80,c45
0,22,30,3,67,82,c5
0,22,30,3,67,82,c5
0,22,30,3,67,82,c45
0,22,30,3,69,84,c5
0,22,30,3,69,84,c5
0,22,30,3,69,84,c45
0,22,30,3,74,86,c5
0,22,30,3,74,86,c5
0,22,30,3,74,86,c45
0,22,30,3,75,88,c5
0,22,30,3,75,88,c5
0,22,30,3,75,88,c45
0,21,29,4,67,84,c47
0,21,29,4,67,84,c9
0,21,29,3,66,83,c47
0,21,29,3,66,83,c9
2,21,28,5,70,85,c47
2,21,28,5,70,85,c9
4,20,27,5,72,86,c47
4,20,27,5,72,86,c9
8,20,27,6,75,88,c47
8,20,27,6,75,88,c7
0,24,30,6,68,80,c26
0,24,30,6,68,80,c29
0,23,30,6,67,78,c26
0,23,30,6,67,78,c29
10,22,29,7,72,81,c17
10,22,29,7,72,81,c43
6,23,29,6,68,80,c26
6,23,29,6,68,80,c29
4,23,29,6,65,80,c26
4,23,29,6,65,80,c29
0,22,30,5,54,83,c49
0,22,30,5,54,83,c9
0,22,30,6,59,86,c49
0,22,30,6,59,86,c9
4,21,29,8,68,90,c41
4,21,29,8,68,90,c9
16,20,28,8,70,95,c42
16,20,28,8,70,95,c7
17,20,28,8,75,96,c42
17,20,28,8,75,96,c7
0,19,33,2,5,75,c5
0,19,33,2,5,75,c5
0,19,33,2,7,77,c5
0,19,33,2,7,77,c5
0,19,33,2,10,79,c5
0,19,33,2,10,79,c5
0,19,33,2,12,82,c5
0,19,33,2,12,82,c5
0,19,33,2,15,83,c5
0,19,33,2,15,83,c5
0,21,30,3,65,82,c5
0,21,30,3,65,82,c9
0,22,31,3,63,80,c5
0,22,31,3,63,80,c9
0,21,30,4,68,84,c5
0,21,30,4,68,84,c9
0,20,29,3,64,81,c5
0,20,29,3,64,81,c9
0,20,30,3,66,80,c5
0,20,30,3,66,80,c9
7,23,32,6,81,91,c28
7,23,32,6,81,91,c28
7,23,32,6,81,91,c29
7,23,32,6,81,91,c29
6,21,31,5,78,90,c28
6,21,31,5,78,90,c28
6,21,31,5,78,90,c29
6,21,31,5,78,90,c29
0,19,30,5,70,87,c28
0,19,30,5,70,87,c28
0,19,30,5,70,87,c29
0,19,30,5,70,87,c29
0,17,30,4,65,83,c28
0,17,30,4,65,83,c28
0,17,30,4,65,83,c29
0,17,30,4,65,83,c29
0,16,29,4,60,85,c28
0,16,29,4,60,85,c28
0,16,29,4,60,85,c29
0,16,29,4,60,85,c29
0,21,30,3,50,82,c5
0,21,30,3,50,82,c13
0,20,30,4,54,84,c5
0,20,30,4,54,84,c13
3,20,29,6,60,88,c1
3,20,29,6,60,88,c13
0,21,29,4,55,85,c5
0,21,29,4,55,85,c13
0,20,30,3,50,81,c5
0,20,30,3,50,81,c13
0,18,29,4,51,82,c44
0,18,29,4,51,82,c16
0,18,29,4,51,82,c16
0,18,29,3,50,80,c44
0,18,29,3,50,80,c16
0,18,29,3,50,80,c16
0,18,28,3,48,78,c44
0,18,28,3,48,78,c16
0,18,28,3,48,78,c16
0,18,28,2,47,80,c44
0,18,28,2,47,80,c16
0,18,28,2,47,80,c16
0,18,28,4,46,79,c44
0,18,28,4,46,79,c16
0,18,28,4,46,79,c16
0,19,30,3,62,80,c50
0,19,30,3,62,80,c51
0,19,30,3,62,80,c9
0,19,30,3,64,76,c50
0,19,30,3,64,76,c51
0,19,30,3,64,76,c9
0,18,30,2,65,79,c50
0,18,30,2,65,79,c51
0,18,30,2,65,79,c9
0,18,29,3,60,76,c50
0,18,29,3,60,76,c51
0,18,29,3,60,76,c9
0,18,29,3,64,77,c50
0,18,29,3,64,77,c51
0,18,29,3,64,77,c9
0,21,31,2,50,85,c5
0,21,31,2,50,85,c9
0,20,30,3,49,82,c5
0,20,30,3,49,82,c9
0,20,30,3,48,81,c5
0,20,30,3,48,81,c9
0,19,29,3,51,82,c5
0,19,29,3,51,82,c9
0,19,29,2,50,80,c5
0,19,29,2,50,80,c9
0,21,32,2,30,80,c5
0,21,32,2,30,80,c48
0,21,32,2,28,78,c5
0,21,32,2,28,78,c48
0,21,32,2,29,77,c5
0,21,32,2,29,77,c48
0,21,32,2,26,79,c5
0,21,32,2,26,79,c48
0,21,32,2,27,76,c5
0,21,32,2,27,76,c48
0,20,30,5,62,80,c5
0,20,30,5,62,80,c9
0,20,29,4,63,78,c5
0,20,29,4,63,78,c9
0,19,30,4,61,77,c5
0,19,30,4,61,77,c9
0,19,30,3,58,75,c5
0,19,30,3,58,75,c9
0,18,30,3,58,75,c5
0,18,30,3,58,75,c9
0,22,31,6,68,78,c28
0,22,31,6,68,78,c28
0,22,31,6,68,78,c29
0,22,31,6,68,78,c29
0,22,31,6,67,71,c28
0,22,31,6,67,71,c28
0,22,31,6,67,71,c29
0,22,31,6,67,71,c29
6,21,30,7,72,80,c28
6,21,30,7,72,80,c28
6,21,30,7,72,80,c29
6,21,30,7,72,80,c29
10,20,30,7,72,81,c34
10,20,30,7,72,81,c34
10,20,30,7,72,81,c43
10,20,30,7,72,81,c43
5,20,30,6,69,77,c28
5,20,30,6,69,77,c28
5,20,30,6,69,77,c29
5,20,30,6,69,77,c29
0,18,33,2,15,77,c5
0,18,33,2,15,77,c5
0,18,33,2,16,79,c5
0,18,33,2,16,79,c5
0,18,33,2,17,81,c5
0,18,33,2,17,81,c5
0,18,33,2,19,84,c5
0,18,33,2,19,84,c5
0,18,33,2,20,87,c5
0,18,33,2,20,87,c5
0,19,28,2,57,83,c44
0,19,28,2,57,83,c16
0,19,28,2,57,83,c16
0,17,28,3,54,80,c44
0,17,28,3,54,80,c16
0,17,28,3,54,80,c16
0,17,28,4,53,80,c44
0,17,28,4,53,80,c16
0,17,28,4,53,80,c16
0,17,27,2,54,77,c44
0,17,27,2,54,77,c16
0,17,27,2,54,77,c16
0,18,27,4,55,75,c44
0,18,27,4,55,75,c16
0,18,27,4,55,75,c16
0,20,32,3,55,88,c5
0,20,32,3,55,88,c13
0,19,31,3,54,87,c5
0,19,31,3,54,87,c13
0,20,31,3,52,85,c5
0,20,31,3,52,85,c13
0,19,31,2,53,85,c5
0,19,31,2,53,85,c13
0,20,32,3,53,87,c5
0,20,32,3,53,87,c13
0,21,31,4,52,75,c26
0,21,31,4,52,75,c46
0,21,31,4,52,75,c16
0,20,30,5,55,75,c26
0,20,30,5,55,75,c46
0,20,30,5,55,75,c16
0,19,29,4,53,75,c26
0,19,29,4,53,75,c46
0,19,29,4,53,75,c16
0,18,29,3,56,73,c26
0,18,29,3,56,73,c46
0,18,29,3,56,73,c16
0,19,28,3,54,74,c26
0,19,28,3,54,74,c46
0,19,28,3,54,74,c16
0,20,31,3,35,75,c5
0,20,31,3,35,75,c5
0,20,31,3,35,75,c45
0,20,31,3,37,77,c5
0,20,31,3,37,77,c5
0,20,31,3,37,77,c45
0,20,31,3,40,78,c5
0,20,31,3,40,78,c5
0,20,31,3,40,78,c45
0,20,31,3,43,81,c5
0,20,31,3,43,81,c5
0,20,31,3,43,81,c45
0,20,31,3,45,83,c5
0,20,31,3,45,83,c5
0,20,31,3,45,83,c45
0,19,29,3,54,82,c52
0,19,29,3,54,82,c16
0,19,28,2,52,80,c52
0,19,28,2,52,80,c16
0,18,28,3,53,81,c52
0,18,28,3,53,81,c16
3,17,28,5,58,85,c52
3,17,28,5,58,85,c16
4,17,28,5,60,85,c52
4,17,28,5,60,85,c16
